品牌,型號,參考編號,年份 (*),能源效益級別(製冷)(1 至 5),每年耗電量(製冷)(千瓦小時),製冷量(千瓦),製冷季節性表現系數 (CSPF),製冷劑,能源效益級別(供暖)(1 至 5),每年耗電量(供暖)(千瓦小時),供暖量(千瓦),供暖季節性表現系數 (HSPF),資料提供者,變頻
美的,MW-12HRF8F,U2-C260229,2020,1,379,3.65,4.7351,R32,1,38,3.62,3.9792,東芝香港有限公司,是
美的,MW-09HRF8F,U2-C260228,2020,1,267,2.74,5.0707,R32,1,32,3.08,4.0804,東芝香港有限公司,是
美的,MW-07HRF8F,U2-C260227,2020,1,214,2.19,4.9673,R32,1,25,2.39,4.1941,東芝香港有限公司,是
美的,MW-18CM8C,U2-C260226,2020,3,823,5.35,3.2561,R32,不適用,—,—,—,東芝香港有限公司,否
美的,MW-12CM8C,U2-C260225,2020,3,546,3.56,3.2599,R32,不適用,—,—,—,東芝香港有限公司,否
美的,MW-09CM8C,U2-C260224,2020,3,393,2.73,3.3994,R32,不適用,—,—,—,東芝香港有限公司,否
美的,MW-07CM8C,U2-C260223,2020,3,315,2.09,3.2954,R32,不適用,—,—,—,東芝香港有限公司,否
美的,MW-18CRF8EP,U2-C260222,2020,1,559,5.36,4.7908,R32,不適用,—,—,—,東芝香港有限公司,是
美的,MW-12CRF8EP,U2-C260221,2020,1,384,3.44,4.6272,R32,不適用,—,—,—,東芝香港有限公司,是
美的,MW-09CRF8EP,U2-C260220,2020,1,283,2.70,4.7183,R32,不適用,—,—,—,東芝香港有限公司,是
美的,MW-07CRF8EP,U2-C260219,2020,1,246,2.35,4.6394,R32,不適用,—,—,—,東芝香港有限公司,是
美的,MW-22CRF8E,U2-C260218,2020,1,678,6.32,4.8068,R32,不適用,—,—,—,東芝香港有限公司,是
美的,MW-18CRF8E,U2-C260217,2020,1,578,5.35,4.6392,R32,不適用,—,—,—,東芝香港有限公司,是
美的,MW-12CRF8E,U2-C260216,2020,1,362,3.42,4.6618,R32,不適用,—,—,—,東芝香港有限公司,是
美的,MW-09CRF8E,U2-C260215,2020,1,272,2.63,4.7797,R32,不適用,—,—,—,東芝香港有限公司,是
美的,MW-07CRF8E,U2-C260214,2020,1,249,2.34,4.5598,R32,不適用,—,—,—,東芝香港有限公司,是
開利,CHK021FBVX,U2-C260208,2020,1,665,6.32,4.7953,R32,不適用,—,—,—,世紀開利家用空調有限公司,是
開利,CHK018FBVX,U2-C260207,2020,1,578,5.35,4.6392,R32,不適用,—,—,—,世紀開利家用空調有限公司,是
開利,CHK012FBVX,U2-C260206,2020,1,380,3.50,4.6849,R32,不適用,—,—,—,世紀開利家用空調有限公司,是
開利,CHK009FBVX,U2-C260205,2020,1,272,2.63,4.7797,R32,不適用,—,—,—,世紀開利家用空調有限公司,是
開利,CHK007FBVX,U2-C260204,2020,1,249,2.34,4.5598,R32,不適用,—,—,—,世紀開利家用空調有限公司,是
Panasonic,CW-SUL90BA,U2-C260203,2020,1,280,2.62,4.6976,R32,不適用,—,—,—,信興電器貿易有限公司,是
Panasonic,CW-SUL70BA,U2-C260202,2020,1,235,2.18,4.6668,R32,不適用,—,—,—,信興電器貿易有限公司,是
樂信牌,RC-SUL90B,U2-C260198,2020,1,280,2.62,4.6976,R32,不適用,—,—,—,信興電工工程有限公司,是
樂信牌,RC-SUL70B,U2-C260197,2020,1,235,2.18,4.6668,R32,不適用,—,—,—,信興電工工程有限公司,是
金田,KA-W018A,U2-C260155,2020,4,861,5.37,3.0237,R32,不適用,—,—,—,金田貿易有限公司,否
金田,KA-W012A,U2-C260154,2020,4,560,3.55,3.0725,R32,不適用,—,—,—,金田貿易有限公司,否
金田,KA-W009A,U2-C260153,2020,4,429,2.68,3.0396,R32,不適用,—,—,—,金田貿易有限公司,否
金田,KA-W007A,U2-C260152,2020,4,349,2.11,3.0142,R32,不適用,—,—,—,金田貿易有限公司,否
開利,WFQ12VW,U2-C260149,2020,1,379,3.65,4.7351,R32,1,38,3.62,3.9792,世紀開利家用空調有限公司,是
開利,WFQ09VW,U2-C260148,2020,1,267,2.74,5.0707,R32,1,32,3.08,4.0804,世紀開利家用空調有限公司,是
開利,WFQ07VW,U2-C260144,2020,1,214,2.19,4.9673,R32,1,25,2.39,4.1941,世紀開利家用空調有限公司,是
PHILIPS,FAC09CA,U2-C260143,2020,1,272,2.63,4.7797,R32,不適用,—,—,—,威榮電業有限公司,是
PHILIPS,FAC07CA,U2-C260142,2020,1,249,2.34,4.5598,R32,不適用,—,—,—,威榮電業有限公司,是
PHILIPS,FAC18CA,U2-C260141,2020,1,548,5.36,4.7795,R32,不適用,—,—,—,威榮電業有限公司,是
PHILIPS,FAC12CA,U2-C260140,2020,1,362,3.42,4.6618,R32,不適用,—,—,—,威榮電業有限公司,是
PHILIPS,FAC18FA,U2-C260134,2020,3,823,5.35,3.2561,R32,不適用,—,—,—,威榮電業有限公司,否
PHILIPS,FAC12FA,U2-C260133,2020,3,546,3.56,3.2599,R32,不適用,—,—,—,威榮電業有限公司,否
PHILIPS,FAC09FA,U2-C260132,2020,3,393,2.73,3.3994,R32,不適用,—,—,—,威榮電業有限公司,否
PHILIPS,FAC07FA,U2-C260131,2020,3,315,2.09,3.2954,R32,不適用,—,—,—,威榮電業有限公司,否
晶弘,KHWIC24A1,U2-C260130,2020,1,668,6.63,4.7664,R32,不適用,—,—,—,香港格力電器工程設備有限公司,是
晶弘,KHWIC18A1,U2-C260129,2020,1,561,5.28,4.5957,R32,不適用,—,—,—,香港格力電器工程設備有限公司,是
晶弘,KHWIC12A1,U2-C260128,2020,1,380,3.53,4.6525,R32,不適用,—,—,—,香港格力電器工程設備有限公司,是
晶弘,KHWIC09A1,U2-C260127,2020,1,280,2.50,4.5066,R32,不適用,—,—,—,香港格力電器工程設備有限公司,是
樂信牌,RC-H24HR,U2-C260126,2020,1,684,6.44,4.6701,R32,1,50,4.95,4.1345,信興電工工程有限公司,是
樂信牌,RC-H18HR,U2-C260125,2020,1,567,5.27,4.5510,R32,1,48,4.78,4.2515,信興電工工程有限公司,是
樂信牌,RC-H12HR,U2-C260124,2020,1,375,3.57,4.7531,R32,1,30,2.63,3.7358,信興電工工程有限公司,是
樂信牌,RC-H9HR,U2-C260123,2020,1,278,2.52,4.5485,R32,1,25,2.26,3.7440,信興電工工程有限公司,是
樂信牌,RC-H7HR,U2-C260122,2020,1,246,2.22,4.5249,R32,1,22,2.02,3.8329,信興電工工程有限公司,是
東芝,RAC-18G3CVRGR-HK1,U2-C260108,2020,1,578,5.35,4.6334,R32,不適用,—,—,—,東芝香港有限公司,是
品牌,型號,參考編號,年份 (*),能源效益級別(製冷)(1 至 5),每年耗電量(製冷)(千瓦小時),製冷量(千瓦),製冷季節性表現系數 (CSPF),製冷劑,能源效益級別(供暖)(1 至 5),每年耗電量(供暖)(千瓦小時),供暖量(千瓦),供暖季節性表現系數 (HSPF),資料提供者,變頻
東芝,RAC-09G3CVRGR-HK1,U2-C260107,2020,1,272,2.63,4.7797,R32,不適用,—,—,—,東芝香港有限公司,是
東芝,RAC-07G3CVRGR-HK1,U2-C260106,2020,1,249,2.34,4.5598,R32,不適用,—,—,—,東芝香港有限公司,是
東芝,RAC-07G3CVRG-HK1,U2-C260105,2020,1,249,2.34,4.5598,R32,不適用,—,—,—,東芝香港有限公司,是
晶弘,KHWIC07A1,U2-C260104,2020,1,247,2.28,4.5109,R32,不適用,—,—,—,香港格力電器工程設備有限公司,是
White-Westinghouse,WWN18CRV2,U2-C260100,2020,1,578,5.35,4.6392,R32,不適用,—,—,—,威榮電業有限公司,是
White-Westinghouse,WWN12CRV2,U2-C260099,2020,1,380,3.50,4.6849,R32,不適用,—,—,—,威榮電業有限公司,是
White-Westinghouse,WWN09CRV2,U2-C260098,2020,1,272,2.63,4.7797,R32,不適用,—,—,—,威榮電業有限公司,是
White-Westinghouse,WWN07CRV2,U2-C260097,2020,1,249,2.34,4.5598,R32,不適用,—,—,—,威榮電業有限公司,是
晶弘,KHWRCFC24,U2-C260096,2020,4,1057,6.63,3.1288,R32,不適用,—,—,—,香港格力電器工程設備有限公司,否
晶弘,KHWRCFC18,U2-C260095,2020,4,861,5.37,3.0237,R32,不適用,—,—,—,香港格力電器工程設備有限公司,否
晶弘,KHWRCFC12,U2-C260094,2020,4,560,3.55,3.0725,R32,不適用,—,—,—,香港格力電器工程設備有限公司,否
晶弘,KHWRCFC09,U2-C260093,2020,4,429,2.68,3.0396,R32,不適用,—,—,—,香港格力電器工程設備有限公司,否
晶弘,KHWRCFC07,U2-C260092,2020,4,349,2.11,3.0142,R32,不適用,—,—,—,香港格力電器工程設備有限公司,否
快意寶,W189R-PAC,U2-C260091,2020,4,861,5.37,3.0237,R32,不適用,—,—,—,康富電器貿易有限公司,否
快意寶,W129R-PAC,U2-C260090,2020,4,560,3.55,3.0725,R32,不適用,—,—,—,康富電器貿易有限公司,否
快意寶,W099R-PAC,U2-C260089,2020,4,429,2.68,3.0396,R32,不適用,—,—,—,康富電器貿易有限公司,否
快意寶,W079R-PAC,U2-C260088,2020,4,349,2.11,3.0142,R32,不適用,—,—,—,康富電器貿易有限公司,否
快意寶,W182-PAC,U2-C260087,2020,4,861,5.37,3.0237,R32,不適用,—,—,—,康富電器貿易有限公司,否
快意寶,W122A-PAC,U2-C260086,2020,4,560,3.55,3.0725,R32,不適用,—,—,—,康富電器貿易有限公司,否
快意寶,W092-PAC,U2-C260085,2020,4,429,2.68,3.0396,R32,不適用,—,—,—,康富電器貿易有限公司,否
快意寶,W072-PAC,U2-C260084,2020,4,349,2.11,3.0142,R32,不適用,—,—,—,康富電器貿易有限公司,否
金章牌,ZWACR12N,U2-C260083,2020,1,380,3.50,4.6849,R32,不適用,—,—,—,大昌行電器有限公司,是
快意寶,W1291-PACV,U2-C260078,2020,1,380,3.53,4.6525,R32,不適用,—,—,—,康富電器貿易有限公司,是
快意寶,W0991-PACV,U2-C260077,2020,1,280,2.50,4.5066,R32,不適用,—,—,—,康富電器貿易有限公司,是
快意寶,W0791-PACV,U2-C260076,2020,1,247,2.28,4.5109,R32,不適用,—,—,—,康富電器貿易有限公司,是
Comfee',CWV-09CRFN9-AD5,U2-C260074,2020,1,272,2.63,4.7797,R32,不適用,—,—,—,東芝香港有限公司,是
Comfee',CWV-07CRFN9-AD5,U2-C260073,2020,1,249,2.34,4.5598,R32,不適用,—,—,—,東芝香港有限公司,是
日立牌,RAW-XH24CDK,U2-C260059,2020,1,699,6.49,4.5558,R32,不適用,—,—,—,阿奇立克日立家電(香港)有限公司,是
金章牌,ZWACR18N,U2-C260058,2020,1,578,5.35,4.6392,R32,不適用,—,—,—,大昌行電器有限公司,是
日立牌,RAW-XH13CDK,U2-C260057,2020,1,382,3.54,4.6274,R32,不適用,—,—,—,阿奇立克日立家電(香港)有限公司,是
日立牌,RAW-XH10CDK,U2-C260056,2020,1,275,2.53,4.5965,R32,不適用,—,—,—,阿奇立克日立家電(香港)有限公司,是
日立牌,RAW-XH07CDK,U2-C260055,2020,1,242,2.24,4.5985,R32,不適用,—,—,—,阿奇立克日立家電(香港)有限公司,是
樂信牌,RC-S24PA,U2-C260052,2020,1,678,6.32,4.8068,R32,不適用,—,—,—,信興電工工程有限公司,是
樂信牌,RC-S18PA,U2-C260051,2020,1,548,5.36,4.7795,R32,不適用,—,—,—,信興電工工程有限公司,是
樂信牌,RC-S12PA,U2-C260050,2020,1,362,3.42,4.6618,R32,不適用,—,—,—,信興電工工程有限公司,是
樂信牌,RC-S9PA,U2-C260049,2020,1,272,2.63,4.7797,R32,不適用,—,—,—,信興電工工程有限公司,是
樂信牌,RC-S7PA,U2-C260048,2020,1,249,2.34,4.5598,R32,不適用,—,—,—,信興電工工程有限公司,是
Comfee',CWV-18CRFN9-AD5,U2-C260047,2020,1,548,5.36,4.7795,R32,不適用,—,—,—,東芝香港有限公司,是
Comfee',CWV-12CRFN9-AD5,U2-C260046,2020,1,362,3.42,4.6618,R32,不適用,—,—,—,東芝香港有限公司,是
海迅,HLW021WB,U2-C260041,2020,1,665,6.32,4.7953,R32,不適用,—,—,—,捷迅冷氣水電工程有限公司,是
海迅,HLW018WB,U2-C260040,2020,1,578,5.35,4.6392,R32,不適用,—,—,—,捷迅冷氣水電工程有限公司,是
日立牌,RAW-XH18CDK,U2-C260039,2020,1,545,5.33,4.7286,R32,不適用,—,—,—,阿奇立克日立家電(香港)有限公司,是
冰雪牌,FR-KV18,U2-C260038,2020,3,823,5.35,3.2561,R32,不適用,—,—,—,信興電工工程有限公司,否
冰雪牌,FR-KV12,U2-C260037,2020,3,546,3.56,3.2599,R32,不適用,—,—,—,信興電工工程有限公司,否
冰雪牌,FR-KV9,U2-C260036,2020,3,393,2.73,3.3994,R32,不適用,—,—,—,信興電工工程有限公司,否
冰雪牌,FR-KS18,U2-C260035,2020,1,548,5.36,4.7795,R32,不適用,—,—,—,信興電工工程有限公司,是
冰雪牌,FR-KS12,U2-C260034,2020,1,362,3.42,4.6618,R32,不適用,—,—,—,信興電工工程有限公司,是
冰雪牌,FR-KS9,U2-C260033,2020,1,272,2.63,4.7797,R32,不適用,—,—,—,信興電工工程有限公司,是
冰雪牌,FR-KS7,U2-C260032,2020,1,249,2.34,4.5598,R32,不適用,—,—,—,信興電工工程有限公司,是
冰雪牌,FR-KV7,U2-C260031,2020,3,315,2.09,3.2954,R32,不適用,—,—,—,信興電工工程有限公司,否
品牌,型號,參考編號,年份 (*),能源效益級別(製冷)(1 至 5),每年耗電量(製冷)(千瓦小時),製冷量(千瓦),製冷季節性表現系數 (CSPF),製冷劑,能源效益級別(供暖)(1 至 5),每年耗電量(供暖)(千瓦小時),供暖量(千瓦),供暖季節性表現系數 (HSPF),資料提供者,變頻
快意寶,W1891-PACV,U2-C260030,2020,1,561,5.28,4.5957,R32,不適用,—,—,—,康富電器貿易有限公司,是
樂信牌,RC-TS24UV,U2-C260029,2020,1,678,6.32,4.8068,R32,不適用,—,—,—,信興電工工程有限公司,是
樂信牌,RC-TS18UV,U2-C260028,2020,1,548,5.36,4.7795,R32,不適用,—,—,—,信興電工工程有限公司,是
樂信牌,RC-TS12UV,U2-C260027,2020,1,362,3.42,4.6618,R32,不適用,—,—,—,信興電工工程有限公司,是
樂信牌,RC-TS9UV,U2-C260026,2020,1,272,2.63,4.7797,R32,不適用,—,—,—,信興電工工程有限公司,是
樂信牌,RC-TS7UV,U2-C260025,2020,1,249,2.34,4.5598,R32,不適用,—,—,—,信興電工工程有限公司,是
金章牌,ZWACR09N,U2-C260023,2020,1,272,2.63,4.7797,R32,不適用,—,—,—,大昌行電器有限公司,是
金章牌,ZWACR07N,U2-C260022,2020,1,249,2.34,4.5598,R32,不適用,—,—,—,大昌行電器有限公司,是
TCL,TAC-22CWI/UJE,U2-C260021,2020,2,924,6.46,3.6123,R32,不適用,—,—,—,TCL Global Marketing,是
TCL,TAC-16CWI/UJE,U2-C260020,2020,2,595,4.87,4.0788,R32,不適用,—,—,—,TCL Global Marketing,是
TCL,TAC-12CWI/UJE,U2-C260019,2020,2,446,3.51,3.9654,R32,不適用,—,—,—,TCL Global Marketing,是
海迅,HLW012WB,U2-C260018,2020,1,380,3.50,4.6849,R32,不適用,—,—,—,捷迅冷氣水電工程有限公司,是
海迅,HLW009WB,U2-C260017,2020,1,272,2.63,4.7797,R32,不適用,—,—,—,捷迅冷氣水電工程有限公司,是
海迅,HLW007WB,U2-C260016,2020,1,249,2.34,4.5598,R32,不適用,—,—,—,捷迅冷氣水電工程有限公司,是
美的,MW-12CRF8EP,U2-C260015,2020,1,384,3.44,4.6272,R32,不適用,—,—,—,美的電器(香港)有限公司,是
美的,MW-09CRF8EP,U2-C260014,2020,1,283,2.70,4.7183,R32,不適用,—,—,—,美的電器(香港)有限公司,是
美的,MW-07CRF8EP,U2-C260013,2020,1,246,2.35,4.6394,R32,不適用,—,—,—,美的電器(香港)有限公司,是
TCL,TAC-09CWI/UJE,U2-C260012,2020,2,323,2.53,4.0724,R32,不適用,—,—,—,TCL Global Marketing,是
TCL,TAC-07CWI/UJE,U2-C260011,2020,1,240,2.23,4.6958,R32,不適用,—,—,—,TCL Global Marketing,是
LG,W3NQ18RSBD0,U2-C260010,2020,1,569,5.13,4.5331,R32,不適用,—,—,—,LG Electronics HK Ltd,是
LG,W3NQ12RSBD0,U2-C260009,2020,1,379,3.57,4.6698,R32,不適用,—,—,—,LG Electronics HK Ltd,是
LG,W3NQ09RSBD0,U2-C260008,2020,1,279,2.55,4.5261,R32,不適用,—,—,—,LG Electronics HK Ltd,是
LG,W3NQ07RSBD0,U2-C260007,2020,1,245,2.26,4.5468,R32,不適用,—,—,—,LG Electronics HK Ltd,是
海格,GA09VXP,U2-C250355,2020,1,272,2.63,4.7797,R32,不適用,—,—,—,海格電業有限公司,是
伊萊克斯,EWV12CB,U2-C250348,2020,1,380,3.50,4.6849,R32,不適用,—,—,—,大昌行電器有限公司,是
伊萊克斯,EWV09CB,U2-C250347,2020,1,272,2.63,4.7797,R32,不適用,—,—,—,大昌行電器有限公司,是
伊萊克斯,EWV07CB,U2-C250346,2020,1,249,2.34,4.5598,R32,不適用,—,—,—,大昌行電器有限公司,是
伊萊克斯,EWV18CB,U2-C250345,2020,1,578,5.35,4.6392,R32,不適用,—,—,—,大昌行電器有限公司,是
飛歌,PVZ18R,U2-C250344,2020,1,578,5.35,4.6392,R32,不適用,—,—,—,太平家庭電器,是
飛歌,PVZ12R,U2-C250343,2020,1,380,3.50,4.6849,R32,不適用,—,—,—,太平家庭電器,是
飛歌,PVZ09R,U2-C250342,2020,1,272,2.63,4.7797,R32,不適用,—,—,—,太平家庭電器,是
飛歌,PVZ07R,U2-C250341,2020,1,249,2.34,4.5598,R32,不適用,—,—,—,太平家庭電器,是
日立牌,RAW-ZH07CCK,U2-C250330,2020,1,235,2.22,4.7309,R32,不適用,—,—,—,阿奇立克日立家電(香港)有限公司,是
日立牌,RAW-ZH13CCK,U2-C250327,2020,1,368,3.63,4.8042,R32,不適用,—,—,—,阿奇立克日立家電(香港)有限公司,是
日立牌,RAW-ZH10CCK,U2-C250326,2020,1,264,2.57,4.7971,R32,不適用,—,—,—,阿奇立克日立家電(香港)有限公司,是
白河馬,HIP18HK2,U2-C250325,2020,1,548,5.36,4.7570,R32,不適用,—,—,—,白河馬企業有限公司,是
白河馬,HIP12HK2,U2-C250324,2020,1,362,3.42,4.6602,R32,不適用,—,—,—,白河馬企業有限公司,是
白河馬,HIP09HK2,U2-C250323,2020,1,272,2.63,4.7693,R32,不適用,—,—,—,白河馬企業有限公司,是
白河馬,HIP07HK2,U2-C250322,2020,1,249,2.34,4.6005,R32,不適用,—,—,—,白河馬企業有限公司,是
RYOBISHI,RB-24VB,U2-C250321,2020,1,669,6.63,4.7672,R32,不適用,—,—,—,三菱電機,是
RYOBISHI,RB-18VB,U2-C250320,2020,1,561,5.28,4.6148,R32,不適用,—,—,—,三菱電機,是
RYOBISHI,RB-12VB,U2-C250319,2020,1,380,3.53,4.6525,R32,不適用,—,—,—,三菱電機,是
RYOBISHI,RB-09VB,U2-C250318,2020,1,280,2.50,4.5066,R32,不適用,—,—,—,三菱電機,是
MECAN,MC12HVX,U2-C250311,2020,1,379,3.65,4.7351,R32,1,38,3.62,3.9792,美佳冷氣(香港)有限公司,是
MECAN,MC09HVX,U2-C250310,2020,1,267,2.74,5.0707,R32,1,32,3.08,4.0804,美佳冷氣（香港）有限公司,是
MECAN,MC07HVX,U2-C250309,2020,1,214,2.19,4.9673,R32,1,25,2.39,4.1941,美佳冷氣(香港)有限公司,是
RYOBISHI,RB-07VB,U2-C250308,2020,1,247,2.28,4.5109,R32,不適用,—,—,—,三菱電機,是
海格,GA18VXP,U2-C250278,2020,1,578,5.35,4.6392,R32,不適用,—,—,—,海格電業有限公司,是
海格,GA12VXP,U2-C250277,2020,1,380,3.50,4.6849,R32,不適用,—,—,—,海格電業有限公司,是
海格,GA07VXP,U2-C250276,2020,1,249,2.34,4.5598,R32,不適用,—,—,—,海格電業有限公司,是
品牌,型號,參考編號,年份 (*),能源效益級別(製冷)(1 至 5),每年耗電量(製冷)(千瓦小時),製冷量(千瓦),製冷季節性表現系數 (CSPF),製冷劑,能源效益級別(供暖)(1 至 5),每年耗電量(供暖)(千瓦小時),供暖量(千瓦),供暖季節性表現系數 (HSPF),資料提供者,變頻
TGC,TAC1140,U2-C250274,2020,1,362,3.42,4.6618,R32,不適用,—,—,—,煤氣企業有限公司,是
TGC,TAC870,U2-C250273,2020,1,272,2.63,4.7797,R32,不適用,—,—,—,煤氣企業有限公司,是
TGC,TAC770,U2-C250272,2020,1,249,2.34,4.5598,R32,不適用,—,—,—,煤氣企業有限公司,是
卓爾,WAC-S1812V,U2-C250268,2020,1,561,5.28,4.5957,R32,不適用,—,—,—,康富電器貿易有限公司,是
卓爾,WAC-S1212V,U2-C250267,2020,1,380,3.53,4.6525,R32,不適用,—,—,—,康富電器貿易有限公司,是
卓爾,WAC-S912V,U2-C250266,2020,1,280,2.50,4.5066,R32,不適用,—,—,—,康富電器貿易有限公司,是
卓爾,WAC-S712V,U2-C250265,2020,1,247,2.28,4.5109,R32,不適用,—,—,—,康富電器貿易有限公司,是
海格,GA21VXP,U2-C250257,2020,1,665,6.32,4.7953,R32,不適用,—,—,—,海格電業有限公司,是
TGC,TAC1770,U2-C250256,2020,1,548,5.36,4.7795,R32,不適用,—,—,—,煤氣企業有限公司,是
大松,W24R5A,U2-C250254,2020,4,1057,6.63,3.1288,R32,不適用,—,—,—,宏俊有限公司,否
大松,W12R5A,U2-C250253,2020,4,560,3.55,3.0725,R32,不適用,—,—,—,宏俊有限公司,否
大松,W09R5A,U2-C250252,2020,4,429,2.68,3.0396,R32,不適用,—,—,—,宏俊有限公司,否
大松,W12M5A,U2-C250251,2020,4,560,3.55,3.0725,R32,不適用,—,—,—,宏俊有限公司,否
大松,W09M5A,U2-C250250,2020,4,429,2.68,3.0396,R32,不適用,—,—,—,宏俊有限公司,否
大松,W18R5A,U2-C250237,2020,4,861,5.37,3.0237,R32,不適用,—,—,—,宏俊有限公司,否
大松,W07R5A,U2-C250236,2020,4,349,2.11,3.0142,R32,不適用,—,—,—,宏俊有限公司,否
大松,W18M5A,U2-C250235,2020,4,861,5.37,3.0237,R32,不適用,—,—,—,宏俊有限公司,否
大松,W07M5A,U2-C250234,2020,4,349,2.11,3.0142,R32,不適用,—,—,—,宏俊有限公司,否
卓爾,WAC-S1202A,U2-C250233,2020,4,560,3.55,3.0725,R32,不適用,—,—,—,康富電器貿易有限公司,否
卓爾,WAC-S709R,U2-C250232,2020,4,349,2.11,3.0225,R32,不適用,—,—,—,康富電器貿易有限公司,否
飛歌,PWH18M,U2-C250217,2020,4,861,5.37,3.0237,R32,不適用,—,—,—,太平家庭電器,否
飛歌,PWH12M,U2-C250216,2020,4,560,3.55,3.0725,R32,不適用,—,—,—,太平家庭電器,否
飛歌,PWH09M,U2-C250215,2020,4,429,2.68,3.0396,R32,不適用,—,—,—,太平家庭電器,否
飛歌,PWH07M,U2-C250214,2020,4,349,2.11,3.0142,R32,不適用,—,—,—,太平家庭電器,否
開利,CHK09SBVXPN,U2-C250211,2020,1,272,2.63,4.7797,R32,不適用,—,—,—,世紀開利家用空調有限公司,是
卓爾,WAC-S1209R,U2-C250198,2020,4,560,3.55,3.0725,R32,不適用,—,—,—,康富電器貿易有限公司,否
卓爾,WAC-S702,U2-C250197,2020,4,349,2.11,3.0142,R32,不適用,—,—,—,康富電器貿易有限公司,否
聲寶,AF-A18CCA,U2-C250196,2020,4,855,5.36,3.0456,R32,不適用,—,—,—,大昌行電器有限公司,否
聲寶,AF-A9CCA,U2-C250195,2020,4,435,2.68,3.0015,R32,不適用,—,—,—,大昌行電器有限公司,否
聲寶,AF-X24CCA,U2-C250194,2020,1,701,6.33,4.5458,R32,不適用,—,—,—,大昌行電器有限公司,是
開利,CHK09KM,U2-C250182,2020,3,394,2.73,3.4011,R32,不適用,—,—,—,世紀開利家用空調有限公司,否
卓爾,WAC-S1809R,U2-C250180,2020,4,861,5.37,3.0237,R32,不適用,—,—,—,康富電器貿易有限公司,否
卓爾,WAC-S909R,U2-C250179,2020,4,429,2.68,3.0396,R32,不適用,—,—,—,康富電器貿易有限公司,否
卓爾,WAC-S1802,U2-C250178,2020,4,861,5.37,3.0237,R32,不適用,—,—,—,康富電器貿易有限公司,否
卓爾,WAC-S902,U2-C250177,2020,4,429,2.68,3.0396,R32,不適用,—,—,—,康富電器貿易有限公司,否
聲寶,AF-A12CCA,U2-C250168,2020,4,552,3.58,3.1132,R32,不適用,—,—,—,大昌行電器有限公司,否
聲寶,AF-A7CCA,U2-C250167,2020,4,349,2.11,3.0159,R32,不適用,—,—,—,大昌行電器有限公司,否
開利,CHK18KM,U2-C250166,2020,3,814,5.34,3.2764,R32,不適用,—,—,—,世紀開利家用空調有限公司,否
開利,CHK12KM,U2-C250165,2020,3,542,3.52,3.2809,R32,不適用,—,—,—,世紀開利家用空調有限公司,否
開利,CHK07KM,U2-C250164,2020,3,315,2.10,3.2883,R32,不適用,—,—,—,世紀開利家用空調有限公司,否
聲寶,AF-X18CCA,U2-C250163,2020,1,565,5.19,4.5608,R32,不適用,—,—,—,大昌行電器有限公司,是
聲寶,AF-X12CCA,U2-C250162,2020,1,380,3.56,4.6623,R32,不適用,—,—,—,大昌行電器有限公司,是
聲寶,AF-X9CCA,U2-C250161,2020,1,280,2.55,4.5142,R32,不適用,—,—,—,大昌行電器有限公司,是
聲寶,AF-X7CCA,U2-C250160,2020,1,246,2.25,4.5269,R32,不適用,—,—,—,大昌行電器有限公司,是
樂信牌,RC-XG12,U2-C250159,2020,4,558,3.57,3.0835,R32,不適用,—,—,—,信興電工工程有限公司,否
樂信牌,RC-XG9,U2-C250158,2020,4,435,2.65,2.9978,R32,不適用,—,—,—,信興電工工程有限公司,否
冰雪,FR-EV9,U2-C250156,2020,4,429,2.68,3.0396,R32,不適用,—,—,—,信興電工工程有限公司,否
美的,MW-12HRF8F,U2-C250155,2020,1,379,3.65,4.7351,R32,1,38,3.62,3.9792,美的電器(香港)有限公司,是
樂信牌,RC-XG18,U2-C250154,2020,4,870,5.34,2.9944,R32,不適用,—,—,—,信興電工工程有限公司,否
樂信牌,RC-XG7,U2-C250153,2020,4,344,2.14,3.0547,R32,不適用,—,—,—,信興電工工程有限公司,否
品牌,型號,參考編號,年份 (*),能源效益級別(製冷)(1 至 5),每年耗電量(製冷)(千瓦小時),製冷量(千瓦),製冷季節性表現系數 (CSPF),製冷劑,能源效益級別(供暖)(1 至 5),每年耗電量(供暖)(千瓦小時),供暖量(千瓦),供暖季節性表現系數 (HSPF),資料提供者,變頻
冰雪,FR-EV18,U2-C250152,2020,4,861,5.37,3.0237,R32,不適用,—,—,—,信興電工工程有限公司,否
冰雪,FR-EV12,U2-C250151,2020,4,560,3.55,3.0725,R32,不適用,—,—,—,信興電工工程有限公司,否
冰雪,FR-EV7,U2-C250150,2020,4,349,2.11,3.0142,R32,不適用,—,—,—,信興電工工程有限公司,否
美的,MW-07HRF8F,U2-C250149,2020,1,214,2.19,4.9673,R32,1,25,2.39,4.1941,美的電器(香港)有限公司,是
美的,MW-09HRF8F,U2-C250148,2020,1,267,2.74,5.0707,R32,1,32,3.08,4.0804,美的電器(香港)有限公司,是
格力,GWH09PZ,U2-C250147,2020,1,278,2.52,4.5485,R32,1,25,2.26,3.7440,太平家庭電器,是
格力,GWH24PZ,U2-C250146,2020,1,684,6.44,4.6701,R32,1,50,4.95,4.1345,太平家庭電器,是
格力,GWH07PZ,U2-C250145,2020,1,246,2.23,4.5261,R32,1,22,2.02,3.8329,太平家庭電器,是
珍寶,AKWA7HNR,U2-C250144,2020,3,348,2.21,3.1537,R32,不適用,—,—,—,第一電業有限公司,否
美的,MW-18CRF8EP,U2-C250143,2020,1,559,5.36,4.7908,R32,不適用,—,—,—,美的電器(香港)有限公司,是
LG,W3NQ24RSAD0,U2-C250142,2020,1,699,6.31,4.5562,R32,不適用,—,—,—,LG Electronics HK Ltd,是
LG,W3NQ12RSAD0,U2-C250141,2020,1,379,3.57,4.6698,R32,不適用,—,—,—,LG Electronics HK Ltd,是
LG,W3NQ18RSAD0,U2-C250140,2020,1,569,5.13,4.5331,R32,不適用,—,—,—,LG Electronics HK Ltd,是
LG,W3NQ09RSAD0,U2-C250139,2020,1,279,2.55,4.5261,R32,不適用,—,—,—,LG Electronics HK Ltd,是
LG,W3NQ07RSAD0,U2-C250138,2020,1,245,2.26,4.5465,R32,不適用,—,—,—,LG Electronics HK Ltd,是
格力,GWS35MZ,U2-C250134,2020,4,560,3.55,3.0725,R32,不適用,—,—,—,太平家庭電器,否
格力,GWS53MZ,U2-C250133,2020,4,861,5.37,3.0237,R32,不適用,—,—,—,太平家庭電器,否
格力,GWS26MZ,U2-C250132,2020,4,429,2.68,3.0396,R32,不適用,—,—,—,太平家庭電器,否
格力,GWS20MZ,U2-C250131,2020,4,349,2.11,3.0142,R32,不適用,—,—,—,太平家庭電器,否
珍寶,AKWA9HNR,U2-C250130,2020,4,432,2.63,2.9873,R32,不適用,—,—,—,第一電業有限公司,否
珍寶,ALWA24HNR,U2-C250124,2020,4,1060,6.71,3.1207,R32,不適用,—,—,—,第一電業有限公司,否
珍寶,AFWA18HNR,U2-C250123,2020,4,844,5.42,3.0851,R32,不適用,—,—,—,第一電業有限公司,否
珍寶,AMWA12HNR,U2-C250122,2020,4,556,3.54,3.0933,R32,不適用,—,—,—,第一電業有限公司,否
格力,GWA24MZ,U2-C250120,2020,4,1057,6.63,3.1288,R32,不適用,—,—,—,太平家庭電器,否
格力,GWA18MZ,U2-C250119,2020,4,861,5.37,3.0237,R32,不適用,—,—,—,太平家庭電器,否
格力,GWA12MZ,U2-C250118,2020,4,560,3.55,3.0725,R32,不適用,—,—,—,太平家庭電器,否
格力,GWA09MZ,U2-C250117,2020,4,429,2.68,3.0396,R32,不適用,—,—,—,太平家庭電器,否
Comfee',CFW-18FF-M,U2-C250116,2020,3,823,5.35,3.2443,R32,不適用,—,—,—,東芝香港有限公司,否
Comfee',CFW-12FF-M,U2-C250115,2020,3,546,3.56,3.2666,R32,不適用,—,—,—,東芝香港有限公司,否
Comfee',CFW-09FF-M,U2-C250114,2020,3,393,2.73,3.3808,R32,不適用,—,—,—,東芝香港有限公司,否
Comfee',CFW-07FF-M,U2-C250113,2020,3,315,2.09,3.2714,R32,不適用,—,—,—,東芝香港有限公司,否
樂信牌,RC-S1801AC,U2-C250112,2020,1,548,5.36,4.7795,R32,不適用,—,—,—,信興電工工程有限公司,是
樂信牌,RC-S1201AC,U2-C250111,2020,1,362,3.42,4.6618,R32,不適用,—,—,—,信興電工工程有限公司,是
樂信牌,RC-S901AC,U2-C250110,2020,1,272,2.63,4.7797,R32,不適用,—,—,—,信興電工工程有限公司,是
樂信牌,RC-S701AC,U2-C250109,2020,1,249,2.34,4.5598,R32,不適用,—,—,—,信興電工工程有限公司,是
肯特,TA-09EOG,U2-C250108,2020,3,394,2.73,3.4011,R32,不適用,—,—,—,世紀開利家用空調有限公司,否
肯特,TA-18EOG,U2-C250107,2020,3,814,5.34,3.2764,R32,不適用,—,—,—,世紀開利家用空調有限公司,否
肯特,TA-12EOG,U2-C250106,2020,3,542,3.52,3.2809,R32,不適用,—,—,—,世紀開利家用空調有限公司,否
肯特,TA-07EOG,U2-C250105,2020,3,315,2.10,3.2883,R32,不適用,—,—,—,世紀開利家用空調有限公司,否
肯特,TA-12BVXP,U2-C250104,2020,1,380,3.50,4.6849,R32,不適用,—,—,—,世紀開利家用空調有限公司,是
樂信牌,RC-V18AC,U2-C250103,2020,3,823,5.35,3.2561,R32,不適用,—,—,—,信興電工工程有限公司,否
樂信牌,RC-V12AC,U2-C250102,2020,3,546,3.56,3.2599,R32,不適用,—,—,—,信興電工工程有限公司,否
樂信牌,RC-V9AC,U2-C250101,2020,3,393,2.73,3.3994,R32,不適用,—,—,—,信興電工工程有限公司,否
樂信牌,RC-V7AC,U2-C250100,2020,3,315,2.09,3.2954,R32,不適用,—,—,—,信興電工工程有限公司,否
樂信牌,RC-SUL180B,U2-C250094,2020,1,543,5.05,4.6535,R32,不適用,—,—,—,信興電工工程有限公司,是
MECAN,MC18VX,U2-C250093,2020,1,578,5.35,4.6392,R32,不適用,—,—,—,美佳冷氣(香港)有限公司,是
MECAN,MC18FS,U2-C250092,2020,3,814,5.34,3.2764,R32,不適用,—,—,—,美佳冷氣(香港)有限公司,否
MECAN,MC12FS,U2-C250091,2020,3,542,3.52,3.2809,R32,不適用,—,—,—,美佳冷氣(香港)有限公司,否
MECAN,MC21VX,U2-C250085,2020,1,665,6.32,4.7953,R32,不適用,—,—,—,美佳冷氣(香港)有限公司,是
開利,CHK12UX,U2-C250084,2020,1,380,3.50,4.6849,R32,不適用,—,—,—,世紀開利家用空調有限公司,是
品牌,型號,參考編號,年份 (*),能源效益級別(製冷)(1 至 5),每年耗電量(製冷)(千瓦小時),製冷量(千瓦),製冷季節性表現系數 (CSPF),製冷劑,能源效益級別(供暖)(1 至 5),每年耗電量(供暖)(千瓦小時),供暖量(千瓦),供暖季節性表現系數 (HSPF),資料提供者,變頻
開利,CHK12000TP,U2-C250083,2020,1,380,3.50,4.6849,R32,不適用,—,—,—,世紀開利家用空調有限公司,是
開利,CHK12XP,U2-C250082,2020,1,380,3.50,4.6849,R32,不適用,—,—,—,世紀開利家用空調有限公司,是
大松,W24V5B,U2-C250081,2020,1,669,6.63,4.7672,R32,不適用,—,—,—,宏俊有限公司,是
大松,W18V5B,U2-C250080,2020,1,561,5.28,4.5957,R32,不適用,—,—,—,宏俊有限公司,是
大松,W12V5B,U2-C250079,2020,1,380,3.53,4.6525,R32,不適用,—,—,—,宏俊有限公司,是
大松,W09V5B,U2-C250078,2020,1,280,2.50,4.5066,R32,不適用,—,—,—,宏俊有限公司,是
大松,W07V5B,U2-C250077,2020,1,247,2.28,4.5109,R32,不適用,—,—,—,宏俊有限公司,是
MECAN,MC07FS,U2-C250074,2020,3,315,2.10,3.2883,R32,不適用,—,—,—,美佳冷氣(香港)有限公司,否
MECAN,MC09FS,U2-C250073,2020,3,394,2.73,3.4011,R32,不適用,—,—,—,美佳冷氣(香港)有限公司,否
格力,GWH12PZ,U2-C250071,2020,1,375,3.57,4.7531,R32,1,30,2.63,3.7358,太平家庭電器,是
格力,GWH18PZ,U2-C250070,2020,1,567,5.27,4.5510,R32,1,48,4.78,4.2515,太平家庭電器,是
肯特,TA-21BVXP-1,U2-C250069,2020,1,665,6.32,4.7953,R32,不適用,—,—,—,世紀開利家用空調有限公司,是
開利,CHK09VFPN,U2-C250066,2020,1,272,2.63,4.7797,R32,不適用,—,—,—,世紀開利家用空調有限公司,是
開利,CHK7000TP,U2-C250065,2020,1,249,2.34,4.5598,R32,不適用,—,—,—,世紀開利家用空調有限公司,是
格力,GWA07MZ,U2-C250064,2020,4,349,2.11,3.0142,R32,不適用,—,—,—,太平家庭電器,否
美的,MW-12CRF8E,U2-C250063,2020,1,362,3.42,4.6618,R32,不適用,—,—,—,美的電器(香港)有限公司,是
美的,MW-09CRF8E,U2-C250062,2020,1,272,2.63,4.7797,R32,不適用,—,—,—,美的電器(香港)有限公司,是
格力,GWV63Z,U2-C250056,2020,1,669,6.63,4.7672,R32,不適用,—,—,—,太平家庭電器,是
格力,GWV53Z,U2-C250055,2020,1,561,5.28,4.5957,R32,不適用,—,—,—,太平家庭電器,是
格力,GWV35Z,U2-C250054,2020,1,380,3.53,4.6525,R32,不適用,—,—,—,太平家庭電器,是
格力,GWV26Z,U2-C250053,2020,1,280,2.50,4.5066,R32,不適用,—,—,—,太平家庭電器,是
格力,GWV20Z,U2-C250052,2020,1,247,2.28,4.5109,R32,不適用,—,—,—,太平家庭電器,是
格力,GWF24P,U2-C250051,2020,1,669,6.63,4.7672,R32,不適用,—,—,—,太平家庭電器,是
格力,GWF18P,U2-C250050,2020,1,561,5.28,4.5957,R32,不適用,—,—,—,太平家庭電器,是
格力,GWF12P,U2-C250049,2020,1,380,3.53,4.6525,R32,不適用,—,—,—,太平家庭電器,是
格力,GWF09P,U2-C250048,2020,1,280,2.50,4.5066,R32,不適用,—,—,—,太平家庭電器,是
格力,GWF07P,U2-C250047,2020,1,247,2.28,4.5109,R32,不適用,—,—,—,太平家庭電器,是
美的,MW-07CRF8E,U2-C250044,2020,1,249,2.34,4.5598,R32,不適用,—,—,—,美的電器(香港)有限公司,是
樂信牌,RC-SUL240B,U2-C250043,2020,1,682,6.24,4.6684,R32,不適用,—,—,—,信興電工工程有限公司,是
Panasonic,CW-SUL180BA,U2-C250042,2020,1,543,5.05,4.6535,R32,不適用,—,—,—,信興電器貿易有限公司,是
肯特,TA-07BVXP,U2-C250041,2020,1,249,2.34,4.5598,R32,不適用,—,—,—,世紀開利家用空調有限公司,是
肯特,TA-09BVXP,U2-C250040,2020,1,272,2.63,4.7797,R32,不適用,—,—,—,世紀開利家用空調有限公司,是
肯特,TA-18BVXP,U2-C250039,2020,1,578,5.35,4.6392,R32,不適用,—,—,—,世紀開利家用空調有限公司,是
豐澤牌,FWAD13IRI25,U2-C250038,2020,1,362,3.42,4.6618,R32,不適用,—,—,—,屈臣氏零售(香港),是
開利,CHK21SBVXPN,U2-C250037,2020,1,665,6.32,4.7953,R32,不適用,—,—,—,世紀開利家用空調有限公司,是
開利,CHK21FBVXPN,U2-C250036,2020,1,665,6.32,4.7953,R32,不適用,—,—,—,世紀開利家用空調有限公司,是
Panasonic,CW-SUL240BA,U2-C250035,2020,1,682,6.24,4.6684,R32,不適用,—,—,—,信興電器貿易有限公司,是
開利,CKM09VSP,U2-C250034,2020,1,272,2.63,4.7797,R32,不適用,—,—,—,世紀開利家用空調有限公司,是
開利,CHK9000TP,U2-C250033,2020,1,272,2.63,4.7797,R32,不適用,—,—,—,世紀開利家用空調有限公司,是
開利,CHK09XP,U2-C250032,2020,1,272,2.63,4.7797,R32,不適用,—,—,—,世紀開利家用空調有限公司,是
開利,CHK09UX,U2-C250031,2020,1,272,2.63,4.7797,R32,不適用,—,—,—,世紀開利家用空調有限公司,是
開利,CHK09FBVXP,U2-C250030,2020,1,272,2.63,4.7797,R32,不適用,—,—,—,世紀開利家用空調有限公司,是
開利,CHK09EAVXP,U2-C250029,2020,1,272,2.63,4.7797,R32,不適用,—,—,—,世紀開利家用空調有限公司,是
開利,CKM07VSP,U2-C250028,2020,1,249,2.34,4.5598,R32,不適用,—,—,—,世紀開利家用空調有限公司,是
開利,CHK07XP,U2-C250027,2020,1,249,2.34,4.5598,R32,不適用,—,—,—,世紀開利家用空調有限公司,是
開利,CHK07SBVXP,U2-C250026,2020,1,249,2.34,4.5598,R32,不適用,—,—,—,世紀開利家用空調有限公司,是
開利,CHK07FBVXP,U2-C250025,2020,1,249,2.34,4.5598,R32,不適用,—,—,—,世紀開利家用空調有限公司,是
開利,CHK07EAVXP,U2-C250024,2020,1,249,2.34,4.5598,R32,不適用,—,—,—,世紀開利家用空調有限公司,是
開利,CHK18VFP,U2-C250023,2020,1,578,5.35,4.6392,R32,不適用,—,—,—,世紀開利家用空調有限公司,是
開利,CHK07VFP,U2-C250022,2020,1,249,2.34,4.5598,R32,不適用,—,—,—,世紀開利家用空調有限公司,是
品牌,型號,參考編號,年份 (*),能源效益級別(製冷)(1 至 5),每年耗電量(製冷)(千瓦小時),製冷量(千瓦),製冷季節性表現系數 (CSPF),製冷劑,能源效益級別(供暖)(1 至 5),每年耗電量(供暖)(千瓦小時),供暖量(千瓦),供暖季節性表現系數 (HSPF),資料提供者,變頻
開利,CHK07UX,U2-C250021,2020,1,249,2.34,4.5598,R32,不適用,—,—,—,世紀開利家用空調有限公司,是
MECAN,MC12VX,U2-C250020,2020,1,380,3.50,4.6849,R32,不適用,—,—,—,美佳冷氣(香港)有限公司,是
MECAN,MC09VX,U2-C250019,2020,1,272,2.63,4.7797,R32,不適用,—,—,—,美佳冷氣(香港)有限公司,是
MECAN,MC07VX,U2-C250018,2020,1,249,2.34,4.5598,R32,不適用,—,—,—,美佳冷氣(香港)有限公司,是
豐澤牌,FWAD19IRI25,U2-C250017,2020,1,548,5.36,4.7795,R32,不適用,—,—,—,屈臣氏零售(香港),是
豐澤牌,FWAD10IRI25,U2-C250016,2020,1,272,2.63,4.7797,R32,不適用,—,—,—,屈臣氏零售(香港),是
豐澤牌,FWAD08IRI25,U2-C250015,2020,1,249,2.34,4.5598,R32,不適用,—,—,—,屈臣氏零售(香港),是
開利,CHK18BE,U2-C250014,2020,3,814,5.34,3.2764,R32,不適用,—,—,—,世紀開利家用空調有限公司,否
開利,CHK12BE,U2-C250013,2020,3,542,3.52,3.2809,R32,不適用,—,—,—,世紀開利家用空調有限公司,否
開利,CHK09BE,U2-C250012,2020,3,394,2.73,3.4011,R32,不適用,—,—,—,世紀開利家用空調有限公司,否
開利,CHK07BE,U2-C250011,2020,3,315,2.10,3.2883,R32,不適用,—,—,—,世紀開利家用空調有限公司,否
Panasonic,CW-SUL120BA,U2-C250002,2020,1,395,3.56,4.6123,R32,不適用,—,—,—,信興電器貿易有限公司,是
樂信牌,RC-SUL120B,U2-C250001,2020,1,395,3.56,4.6123,R32,不適用,—,—,—,信興電工工程有限公司,是
開利,CKM21VP,U2-C240199,2020,1,665,6.32,4.7953,R32,不適用,—,—,—,世紀開利家用空調有限公司,是
開利,CHK21000TP,U2-C240198,2020,1,665,6.32,4.7953,R32,不適用,—,—,—,世紀開利家用空調有限公司,是
開利,CHK21UX,U2-C240197,2020,1,665,6.32,4.7953,R32,不適用,—,—,—,世紀開利家用空調有限公司,是
開利,CKM18VSP,U2-C240196,2020,1,578,5.35,4.6392,R32,不適用,—,—,—,世紀開利家用空調有限公司,是
開利,CHK18FBVXP,U2-C240195,2020,1,578,5.35,4.6392,R32,不適用,—,—,—,世紀開利家用空調有限公司,是
開利,CHK18SBVXP,U2-C240194,2020,1,578,5.35,4.6392,R32,不適用,—,—,—,世紀開利家用空調有限公司,是
開利,CHK18000TP,U2-C240193,2020,1,578,5.35,4.6392,R32,不適用,—,—,—,世紀開利家用空調有限公司,是
開利,CHK18UX,U2-C240192,2020,1,578,5.35,4.6392,R32,不適用,—,—,—,世紀開利家用空調有限公司,是
惠而浦,AWV18301R,U2-C240174,2020,1,565,5.31,4.5615,R32,不適用,—,—,—,惠而浦(香港)有限公司,是
惠而浦,AWV12301R,U2-C240173,2020,1,381,3.53,4.6467,R32,不適用,—,—,—,惠而浦(香港)有限公司,是
惠而浦,AWV09301R,U2-C240172,2020,1,279,2.50,4.5239,R32,不適用,—,—,—,惠而浦(香港)有限公司,是
惠而浦,AWV07301R,U2-C240171,2020,1,245,2.28,4.5347,R32,不適用,—,—,—,惠而浦(香港)有限公司,是
惠而浦,AWV18300R,U2-C240170,2020,1,565,5.31,4.5615,R32,不適用,—,—,—,惠而浦(香港)有限公司,是
惠而浦,AWV12300R,U2-C240169,2020,1,381,3.53,4.6467,R32,不適用,—,—,—,惠而浦(香港)有限公司,是
惠而浦,AWV09300R,U2-C240168,2020,1,279,2.50,4.5239,R32,不適用,—,—,—,惠而浦(香港)有限公司,是
惠而浦,AWV07300R,U2-C240167,2020,1,245,2.28,4.5347,R32,不適用,—,—,—,惠而浦(香港)有限公司,是
珍寶,ALWB24NID,U2-C240162,2020,1,706,6.33,4.5137,R32,不適用,—,—,—,第一電業有限公司,是
珍寶,AFWB18NID,U2-C240161,2020,1,544,5.33,4.7382,R32,不適用,—,—,—,第一電業有限公司,是
珍寶,AMWB12NID,U2-C240160,2020,1,359,3.56,4.9263,R32,不適用,—,—,—,第一電業有限公司,是
珍寶,AKWB9NID,U2-C240159,2020,1,272,2.59,4.6488,R32,不適用,—,—,—,第一電業有限公司,是
珍寶,AKWB7NID,U2-C240158,2020,1,241,2.29,4.6187,R32,不適用,—,—,—,第一電業有限公司,是
開利,CHK09SBVXP,U2-C240131,2020,1,291,2.59,4.5882,R32,不適用,—,—,—,世紀開利家用空調有限公司,是
開利,CHK09VFP,U2-C240130,2020,1,291,2.59,4.5882,R32,不適用,—,—,—,世紀開利家用空調有限公司,是
開利,CHK09EX,U2-C240117,2020,1,290,2.59,4.5882,R32,不適用,—,—,—,世紀開利家用空調有限公司,是
東芝,RAC-12G3CVRGR-HK1,U2-C240093,2020,1,380,3.50,4.6849,R32,不適用,—,—,—,東芝香港有限公司,是
東芝,RAC-12G3CVG-HK1,U2-C240092,2020,1,380,3.50,4.6849,R32,不適用,—,—,—,東芝香港有限公司,是
美的,MW-22CRF8E,U2-C240091,2020,1,678,6.32,4.8068,R32,不適用,—,—,—,美的電器(香港)有限公司,是
白河馬,HIP18HK1,U2-C240090,2020,1,578,5.35,4.6392,R32,不適用,—,—,—,白河馬企業有限公司,是
白河馬,HIP12HK1,U2-C240087,2020,1,380,3.50,4.6849,R32,不適用,—,—,—,白河馬企業有限公司,是
三菱重工,WRK53MGC1,U2-C240086,2020,1,578,5.35,4.6392,R32,不適用,—,—,—,三菱重工業(香港)有限公司冷熱事業部,是
三菱重工,WRK35MGC1,U2-C240085,2020,1,380,3.50,4.6849,R32,不適用,—,—,—,三菱重工業(香港)有限公司冷熱事業部,是
三菱重工,WRK26MGC1,U2-C240084,2020,1,290,2.56,4.5981,R32,不適用,—,—,—,三菱重工業(香港)有限公司冷熱事業部,是
三菱重工,WRK20MGC1,U2-C240083,2020,1,240,2.27,4.7529,R32,不適用,—,—,—,三菱重工業(香港)有限公司冷熱事業部,是
約克,YC-24ZA-R,U2-C240070,2020,1,668,6.63,4.7664,R32,不適用,—,—,—,江森自控日立空調貿易（香港）有限公司,是
約克,YC-18ZA-R,U2-C240069,2020,1,561,5.28,4.5957,R32,不適用,—,—,—,江森自控日立空調貿易（香港）有限公司,是
約克,YC-12ZA-R,U2-C240068,2020,1,365,3.62,4.8539,R32,不適用,—,—,—,江森自控日立空調貿易（香港）有限公司,是
約克,YC-9ZA-R,U2-C240067,2020,1,272,2.57,4.6497,R32,不適用,—,—,—,江森自控日立空調貿易（香港）有限公司,是
品牌,型號,參考編號,年份 (*),能源效益級別(製冷)(1 至 5),每年耗電量(製冷)(千瓦小時),製冷量(千瓦),製冷季節性表現系數 (CSPF),製冷劑,能源效益級別(供暖)(1 至 5),每年耗電量(供暖)(千瓦小時),供暖量(千瓦),供暖季節性表現系數 (HSPF),資料提供者,變頻
約克,YC-7ZA-R,U2-C240066,2020,1,243,2.25,4.5738,R32,不適用,—,—,—,江森自控日立空調貿易（香港）有限公司,是
豐澤牌,FWAD13BIR24,U2-C240065,2020,1,380,3.50,4.6849,R32,不適用,—,—,—,屈臣氏零售(香港),是
樂信牌,RC-SU240A,U2-C240055,2020,1,672,6.55,4.7398,R32,不適用,—,—,—,信興電工工程有限公司,是
樂信牌,RC-SU180A,U2-C240054,2020,1,542,5.09,4.6641,R32,不適用,—,—,—,信興電工工程有限公司,是
Panasonic,CW-SU240AA,U2-C240053,2020,1,672,6.55,4.7398,R32,不適用,—,—,—,信興電器貿易有限公司,是
Panasonic,CW-SU180AA,U2-C240052,2020,1,542,5.09,4.6641,R32,不適用,—,—,—,信興電器貿易有限公司,是
美的,MW-18CRF8E,U2-C240051,2020,1,578,5.35,4.6392,R32,不適用,—,—,—,美的電器(香港)有限公司,是
BODYSONIC,WK70B09R32,U2-C240041,2020,1,272,2.57,4.6497,R32,不適用,—,—,—,和記電業有限公司,是
BODYSONIC,WK70B07R32,U2-C240040,2020,1,243,2.25,4.5738,R32,不適用,—,—,—,和記電業有限公司,是
BODYSONIC,WK70B24R32,U2-C240039,2020,1,669,6.63,4.7672,R32,不適用,—,—,—,和記電業有限公司,是
BODYSONIC,WK70B18R32,U2-C240038,2020,1,561,5.28,4.5957,R32,不適用,—,—,—,和記電業有限公司,是
BODYSONIC,WK70B12R32,U2-C240037,2020,1,365,3.62,4.8539,R32,不適用,—,—,—,和記電業有限公司,是
Comfee',CWF-18CRFN8-AD5,U2-C240036,2020,1,578,5.35,4.6392,R32,不適用,—,—,—,東芝香港有限公司,是
Comfee',CWF-12CRFN8-AD5,U2-C240035,2020,1,380,3.50,4.6849,R32,不適用,—,—,—,東芝香港有限公司,是
Comfee',CWF-09CRFN8-AD5,U2-C240034,2020,1,290,2.57,4.5994,R32,不適用,—,—,—,東芝香港有限公司,是
Comfee',CWF-07CRFN8-AD5,U2-C240033,2020,1,240,2.27,4.7701,R32,不適用,—,—,—,東芝香港有限公司,是
樂信牌,RC-SU120A,U2-C240032,2020,1,391,3.61,4.6568,R32,不適用,—,—,—,信興電工工程有限公司,是
Panasonic,CW-SU120AA,U2-C240024,2020,1,391,3.61,4.6567,R32,不適用,—,—,—,信興電器貿易有限公司,是
聲寶,AF-X18BCA,U2-C240023,2020,1,565,5.19,4.5608,R32,不適用,—,—,—,大昌貿易行有限公司,是
聲寶,AF-X12BCA,U2-C240022,2020,1,377,3.54,4.6954,R32,不適用,—,—,—,大昌貿易行有限公司,是
聲寶,AF-X9BCA,U2-C240021,2020,1,269,2.56,4.6925,R32,不適用,—,—,—,大昌貿易行有限公司,是
聲寶,AF-X7BCA,U2-C240020,2020,1,247,2.25,4.5074,R32,不適用,—,—,—,大昌貿易行有限公司,是
Panasonic,CW-SU90AA,U2-C240019,2020,1,285,2.61,4.6080,R32,不適用,—,—,—,信興電器貿易有限公司,是
Panasonic,CW-SU70AA,U2-C240018,2020,1,237,2.17,4.6329,R32,不適用,—,—,—,信興電器貿易有限公司,是
樂信牌,RC-SU90A,U2-C240017,2020,1,285,2.61,4.6080,R32,不適用,—,—,—,信興電工工程有限公司,是
樂信牌,RC-SU70A,U2-C240016,2020,1,237,2.17,4.6329,R32,不適用,—,—,—,信興電工工程有限公司,是
開利,CKM07VS,U2-C240011,2020,1,237,2.27,4.7631,R32,不適用,—,—,—,世紀開利家用空調有限公司,是
樂信牌,RC-HZ180A,U2-C240010,2020,1,493,5.05,5.1310,R32,1,51,5.05,4.2887,信興電工工程有限公司,是
樂信牌,RC-HU180A,U2-C240009,2020,1,498,4.99,5.0776,R32,不適用,—,—,—,信興電工工程有限公司,是
樂信牌,RC-HZ240A,U2-C240008,2020,1,636,6.17,5.0065,R32,1,67,6.47,4.0989,信興電工工程有限公司,是
樂信牌,RC-HU240A,U2-C240007,2020,1,629,6.19,5.0596,R32,不適用,—,—,—,信興電工工程有限公司,是
Panasonic,CW-HZ240AA,U2-C240006,2020,1,636,6.17,5.0065,R32,1,67,6.47,4.0989,信興電器貿易有限公司,是
Panasonic,CW-HZ180AA,U2-C240005,2020,1,493,5.05,5.1310,R32,1,51,5.05,4.2887,信興電器貿易有限公司,是
Panasonic,CW-HU240AA,U2-C240004,2020,1,629,6.19,5.0596,R32,不適用,—,—,—,信興電器貿易有限公司,是
Panasonic,CW-HU180AA,U2-C240003,2020,1,498,4.99,5.0776,R32,不適用,—,—,—,信興電器貿易有限公司,是
樂信牌,RC-HZ120A,U2-C240002,2020,1,363,3.56,5.0095,R32,1,39,3.55,4.0111,信興電工工程有限公司,是
樂信牌,RC-HU120A,U2-C240001,2020,1,362,3.54,5.0219,R32,不適用,—,—,—,信興電工工程有限公司,是
Panasonic,CW-HZ120AA,U2-C230221,2020,1,363,3.56,5.0095,R32,1,39,3.55,4.0111,信興電器貿易有限公司,是
Panasonic,CW-HU120AA,U2-C230220,2020,1,362,3.54,5.0219,R32,不適用,—,—,—,信興電器貿易有限公司,是
開利,CKM12VS,U2-C230219,2020,1,380,3.50,4.6849,R32,不適用,—,—,—,世紀開利家用空調有限公司,是
開利,CKM09VS,U2-C230218,2020,1,276,2.67,4.8290,R32,不適用,—,—,—,世紀開利家用空調有限公司,是
肯特,TA-12AVXP,U2-C230217,2020,1,380,3.50,4.6849,R32,不適用,—,—,—,世紀開利家用空調有限公司,是
開利,CKM18VS,U2-C230216,2020,1,546,5.30,4.7731,R32,不適用,—,—,—,世紀開利家用空調有限公司,是
樂信牌,RC-HZ90A,U2-C230215,2020,1,270,2.66,5.0001,R32,1,29,2.73,3.9608,信興電工工程有限公司,是
樂信牌,RC-HZ70A,U2-C230214,2020,1,216,2.16,5.0808,R32,1,22,2.22,4.2235,信興電工工程有限公司,是
樂信牌,RC-HU90A,U2-C230213,2020,1,269,2.62,5.0130,R32,不適用,—,—,—,信興電工工程有限公司,是
樂信牌,RC-HU70A,U2-C230212,2020,1,217,2.15,5.0581,R32,不適用,—,—,—,信興電工工程有限公司,是
Panasonic,CW-HZ90AA,U2-C230211,2020,1,270,2.66,5.0001,R32,1,29,2.73,3.9608,信興電器貿易有限公司,是
Panasonic,CW-HZ70AA,U2-C230210,2020,1,216,2.16,5.0808,R32,1,22,2.22,4.2235,信興電器貿易有限公司,是
Panasonic,CW-HU90AA,U2-C230209,2020,1,269,2.62,5.0130,R32,不適用,—,—,—,信興電器貿易有限公司,是
品牌,型號,參考編號,年份 (*),能源效益級別(製冷)(1 至 5),每年耗電量(製冷)(千瓦小時),製冷量(千瓦),製冷季節性表現系數 (CSPF),製冷劑,能源效益級別(供暖)(1 至 5),每年耗電量(供暖)(千瓦小時),供暖量(千瓦),供暖季節性表現系數 (HSPF),資料提供者,變頻
Panasonic,CW-HU70AA,U2-C230208,2020,1,217,2.15,5.0581,R32,不適用,—,—,—,信興電器貿易有限公司,是
開利,CHK1800T,U2-C230207,2020,1,546,5.30,4.7731,R32,不適用,—,—,—,世紀開利家用空調有限公司,是
開利,CHK1200T,U2-C230206,2020,1,380,3.50,4.6849,R32,不適用,—,—,—,世紀開利家用空調有限公司,是
開利,CHK900T,U2-C230205,2020,1,276,2.67,4.8294,R32,不適用,—,—,—,世紀開利家用空調有限公司,是
開利,CHK700T,U2-C230204,2020,1,237,2.27,4.7631,R32,不適用,—,—,—,世紀開利家用空調有限公司,是
海迅,HLW018W,U2-C230196,2020,1,546,5.30,4.7731,R32,不適用,—,—,—,世紀開利家用空調有限公司,是
海迅,HLW021W,U2-C230187,2020,1,660,6.33,4.8351,R32,不適用,—,—,—,世紀開利家用空調有限公司,是
海迅,HLW012W,U2-C230186,2020,1,380,3.50,4.6849,R32,不適用,—,—,—,世紀開利家用空調有限公司,是
海迅,HLW009W,U2-C230185,2020,1,276,2.67,4.8294,R32,不適用,—,—,—,世紀開利家用空調有限公司,是
海迅,HLW007W,U2-C230184,2020,1,237,2.27,4.7631,R32,不適用,—,—,—,世紀開利家用空調有限公司,是
肯特,TA-18EAG,U2-C230183,2020,3,814,5.34,3.2764,R32,不適用,—,—,—,世紀開利家用空調有限公司,否
肯特,TA-12EAG,U2-C230182,2020,3,542,3.52,3.2809,R32,不適用,—,—,—,世紀開利家用空調有限公司,否
海迅,HW018N,U2-C230181,2020,3,814,5.34,3.2764,R32,不適用,—,—,—,世紀開利家用空調有限公司,否
海迅,HW012N,U2-C230180,2020,3,542,3.52,3.2809,R32,不適用,—,—,—,世紀開利家用空調有限公司,否
肯特,TA-09EAG,U2-C230179,2020,3,394,2.73,3.4011,R32,不適用,—,—,—,世紀開利家用空調有限公司,否
肯特,TA-07EAG,U2-C230178,2020,3,315,2.10,3.2883,R32,不適用,—,—,—,世紀開利家用空調有限公司,否
海迅,HW009N,U2-C230177,2020,3,394,2.73,3.4011,R32,不適用,—,—,—,世紀開利家用空調有限公司,否
海迅,HW007N,U2-C230176,2020,3,315,2.10,3.2883,R32,不適用,—,—,—,世紀開利家用空調有限公司,否
東芝,RAC-18G3RGR-HK,U2-C230175,2020,3,830,5.38,3.2291,R32,不適用,—,—,—,東芝香港有限公司,否
東芝,RAC-18G3G-HK,U2-C230174,2020,3,830,5.38,3.2291,R32,不適用,—,—,—,東芝香港有限公司,否
東芝,RAC-12G3RGR-HK,U2-C230173,2020,3,549,3.56,3.2432,R32,不適用,—,—,—,東芝香港有限公司,否
東芝,RAC-12G3G-HK,U2-C230172,2020,3,549,3.56,3.2432,R32,不適用,—,—,—,東芝香港有限公司,否
東芝,RAC-09G3RGR-HK,U2-C230171,2020,3,397,2.75,3.3709,R32,不適用,—,—,—,東芝香港有限公司,否
東芝,RAC-09G3G-HK,U2-C230170,2020,3,397,2.75,3.3709,R32,不適用,—,—,—,東芝香港有限公司,否
東芝,RAC-07G3RGR-HK,U2-C230169,2020,3,321,2.04,3.2243,R32,不適用,—,—,—,東芝香港有限公司,否
東芝,RAC-07G3RG-HK,U2-C230168,2020,3,321,2.04,3.2243,R32,不適用,—,—,—,東芝香港有限公司,否
東芝,RAC-07G3G-HK,U2-C230167,2020,3,321,2.04,3.2243,R32,不適用,—,—,—,東芝香港有限公司,否
美的,MW-12CRF8D,U2-C230153,2020,1,380,3.50,4.6849,R32,不適用,—,—,—,美的電器(香港)有限公司,是
豐澤牌,FWAD19IR23,U2-C230152,2020,1,557,5.26,4.7872,R32,不適用,—,—,—,屈臣氏零售(香港),是
豐澤牌,FWAD13IR23,U2-C230151,2020,2,420,3.44,4.2380,R32,不適用,—,—,—,屈臣氏零售(香港),是
豐澤牌,FWAD10IR23,U2-C230150,2020,1,290,2.57,4.5994,R32,不適用,—,—,—,屈臣氏零售(香港),是
豐澤牌,FWAD08IR23,U2-C230149,2020,1,240,2.27,4.7701,R32,不適用,—,—,—,屈臣氏零售(香港),是
豐澤牌,FWAC19R23,U2-C230148,2020,3,823,5.35,3.2561,R32,不適用,—,—,—,屈臣氏零售(香港),否
豐澤牌,FWAC13R23,U2-C230147,2020,3,546,3.56,3.2599,R32,不適用,—,—,—,屈臣氏零售(香港),否
豐澤牌,FWAC10R23,U2-C230146,2020,3,393,2.73,3.3994,R32,不適用,—,—,—,屈臣氏零售(香港),否
豐澤牌,FWAC08R23,U2-C230145,2020,3,315,2.09,3.2954,R32,不適用,—,—,—,屈臣氏零售(香港),否
開利,CHK12VFP,U2-C230143,2020,1,380,3.50,4.6849,R32,不適用,—,—,—,世紀開利家用空調有限公司,是
開利,CHK12FBVXP,U2-C230142,2020,1,380,3.50,4.6849,R32,不適用,—,—,—,世紀開利家用空調有限公司,是
開利,CHK12EAVXP,U2-C230141,2020,1,380,3.50,4.6849,R32,不適用,—,—,—,世紀開利家用空調有限公司,是
開利,CHK12SBVXP,U2-C230140,2020,1,380,3.50,4.6849,R32,不適用,—,—,—,世紀開利家用空調有限公司,是
白河馬,HIP09HK,U2-C230137,2020,1,290,2.57,4.5994,R32,不適用,—,—,—,白河馬企業有限公司,是
白河馬,HIP07HK,U2-C230136,2020,1,240,2.27,4.7701,R32,不適用,—,—,—,白河馬企業有限公司,是
格力,GWV63EG,U2-C230135,2020,1,669,6.63,4.7672,R32,不適用,—,—,—,太平家庭電器,是
樂信牌,RC-S24PG1,U2-C230122,2020,1,669,6.63,4.7672,R32,不適用,—,—,—,信興電工工程有限公司,是
開利,CHK21EAVXP-1,U2-C230115,2020,1,660,6.33,4.8351,R32,不適用,—,—,—,世紀開利家用空調有限公司,是
開利,CHK21FBVXP-1,U2-C230114,2020,1,660,6.33,4.8351,R32,不適用,—,—,—,世紀開利家用空調有限公司,是
開利,CHK18VF,U2-C230113,2020,1,546,5.30,4.7731,R32,不適用,—,—,—,世紀開利家用空調有限公司,是
開利,CHK12VF,U2-C230112,2020,2,418,3.46,4.2367,R32,不適用,—,—,—,世紀開利家用空調有限公司,是
開利,CHK21SBVXP-1,U2-C230111,2020,1,660,6.33,4.8351,R32,不適用,—,—,—,世紀開利家用空調有限公司,是
開利,CHK09VF,U2-C230110,2020,1,276,2.67,4.8294,R32,不適用,—,—,—,世紀開利家用空調有限公司,是
品牌,型號,參考編號,年份 (*),能源效益級別(製冷)(1 至 5),每年耗電量(製冷)(千瓦小時),製冷量(千瓦),製冷季節性表現系數 (CSPF),製冷劑,能源效益級別(供暖)(1 至 5),每年耗電量(供暖)(千瓦小時),供暖量(千瓦),供暖季節性表現系數 (HSPF),資料提供者,變頻
開利,CHK07VF,U2-C230109,2020,1,237,2.27,4.7631,R32,不適用,—,—,—,世紀開利家用空調有限公司,是
Comfee',CFW-18FF-H,U2-C230105,2020,3,830,5.38,3.2291,R32,不適用,—,—,—,東芝香港有限公司,否
Comfee',CFW-12FF-H,U2-C230104,2020,3,549,3.56,3.2432,R32,不適用,—,—,—,東芝香港有限公司,否
Comfee',CFW-09FF-H,U2-C230103,2020,3,396,2.75,3.3693,R32,不適用,—,—,—,東芝香港有限公司,否
Comfee',CFW-07FF-H,U2-C230102,2020,3,315,2.10,3.2883,R32,不適用,—,—,—,東芝香港有限公司,否
開利,CHK18LAN,U2-C230097,2020,3,814,5.34,3.2764,R32,不適用,—,—,—,世紀開利家用空調有限公司,否
開利,CHK12LAN,U2-C230096,2020,3,542,3.52,3.2809,R32,不適用,—,—,—,世紀開利家用空調有限公司,否
開利,CHK09LAN,U2-C230095,2020,3,394,2.73,3.4011,R32,不適用,—,—,—,世紀開利家用空調有限公司,否
開利,CHK07LAN,U2-C230094,2020,3,315,2.10,3.2883,R32,不適用,—,—,—,世紀開利家用空調有限公司,否
開利,CHK18EAN,U2-C230093,2020,3,814,5.34,3.2764,R32,不適用,—,—,—,世紀開利家用空調有限公司,否
開利,CHK12EAN,U2-C230092,2020,3,538,3.54,3.3052,R32,不適用,—,—,—,世紀開利家用空調有限公司,否
開利,CHK09EAN,U2-C230091,2020,3,397,2.75,3.3709,R32,不適用,—,—,—,世紀開利家用空調有限公司,否
開利,CHK07EAN,U2-C230090,2020,3,321,2.04,3.2284,R32,不適用,—,—,—,世紀開利家用空調有限公司,否
開利,CHK18EAE,U2-C230089,2020,3,814,5.34,3.2764,R32,不適用,—,—,—,世紀開利家用空調有限公司,否
開利,CHK12EAE,U2-C230088,2020,3,538,3.54,3.3052,R32,不適用,—,—,—,世紀開利家用空調有限公司,否
開利,CHK09LAE,U2-C230087,2020,3,394,2.73,3.4011,R32,不適用,—,—,—,世紀開利家用空調有限公司,否
開利,CHK07LAE,U2-C230086,2020,3,315,2.10,3.2883,R32,不適用,—,—,—,世紀開利家用空調有限公司,否
開利,CHK09EAE,U2-C230085,2020,3,397,2.75,3.3709,R32,不適用,—,—,—,世紀開利家用空調有限公司,否
開利,CHK07EAE,U2-C230084,2020,3,321,2.04,3.2243,R32,不適用,—,—,—,世紀開利家用空調有限公司,否
RYOBISHI,RB-24VA,U2-C230083,2020,1,668,6.63,4.7664,R32,不適用,—,—,—,三菱電機,是
RYOBISHI,RB-18VA,U2-C230082,2020,1,561,5.28,4.5957,R32,不適用,—,—,—,三菱電機,是
RYOBISHI,RB-12VA,U2-C230081,2020,1,365,3.62,4.8539,R32,不適用,—,—,—,三菱電機,是
RYOBISHI,RB-09VA,U2-C230080,2020,1,272,2.57,4.6497,R32,不適用,—,—,—,三菱電機,是
RYOBISHI,RB-07VA,U2-C230079,2020,1,243,2.25,4.5738,R32,不適用,—,—,—,三菱電機,是
開利,CHK18LAE,U2-C230078,2020,3,814,5.34,3.2764,R32,不適用,—,—,—,世紀開利家用空調有限公司,否
開利,CHK12LAE,U2-C230077,2020,3,542,3.52,3.2809,R32,不適用,—,—,—,世紀開利家用空調有限公司,否
開利,CHK21SBVXP,U2-C230066,2020,1,679,6.04,4.6929,R32,不適用,—,—,—,世紀開利家用空調有限公司,是
開利,CHK21FBVXP,U2-C230065,2020,1,679,6.04,4.6929,R32,不適用,—,—,—,世紀開利家用空調有限公司,是
開利,CHK21EAVXP,U2-C230064,2020,1,679,6.04,4.6929,R32,不適用,—,—,—,世紀開利家用空調有限公司,是
樂信牌,RC-X18R,U2-C230063,2020,3,830,5.38,3.2291,R32,不適用,—,—,—,信興電工工程有限公司,否
樂信牌,RC-X12R,U2-C230062,2020,3,549,3.56,3.2432,R32,不適用,—,—,—,信興電工工程有限公司,否
樂信牌,RC-X9R,U2-C230061,2020,3,396,2.75,3.3693,R32,不適用,—,—,—,信興電工工程有限公司,否
樂信牌,RC-X7R,U2-C230060,2020,3,315,2.10,3.2883,R32,不適用,—,—,—,信興電工工程有限公司,否
White-Westinghouse,WWN12CRA-D4,U2-C230053,2020,3,549,3.56,3.2432,R32,不適用,—,—,—,威榮電業有限公司,否
White-Westinghouse,WWN09CRA-D4,U2-C230052,2020,3,396,2.75,3.3693,R32,不適用,—,—,—,威榮電業有限公司,否
White-Westinghouse,WWN07CRA-D4,U2-C230051,2020,3,315,2.10,3.2883,R32,不適用,—,—,—,威榮電業有限公司,否
White-Westinghouse,WWN21CRV,U2-C230050,2020,1,665,6.19,4.9001,R32,不適用,—,—,—,威榮電業有限公司,是
White-Westinghouse,WWN12CRV,U2-C230049,2020,2,420,3.44,4.2380,R32,不適用,—,—,—,威榮電業有限公司,是
White-Westinghouse,WWN09CRV,U2-C230048,2020,1,290,2.57,4.5994,R32,不適用,—,—,—,威榮電業有限公司,是
White-Westinghouse,WWN09CMA-D4,U2-C230044,2020,3,393,2.73,3.3994,R32,不適用,—,—,—,威榮電業有限公司,否
White-Westinghouse,WWN07CMA-D4,U2-C230043,2020,3,315,2.09,3.2954,R32,不適用,—,—,—,威榮電業有限公司,否
White-Westinghouse,WWN07CRV,U2-C230042,2020,1,240,2.27,4.7701,R32,不適用,—,—,—,威榮電業有限公司,是
White-Westinghouse,WWN18CRV,U2-C230041,2020,1,557,5.26,4.7872,R32,不適用,—,—,—,威榮電業有限公司,是
大松,W24V5A,U2-C230040,2020,1,668,6.63,4.7664,R32,不適用,—,—,—,宏俊有限公司,是
大松,W18V5A,U2-C230039,2020,1,561,5.28,4.5957,R32,不適用,—,—,—,宏俊有限公司,是
大松,W12V5A,U2-C230038,2020,1,365,3.62,4.8539,R32,不適用,—,—,—,宏俊有限公司,是
大松,W09V5A,U2-C230037,2020,1,272,2.57,4.6497,R32,不適用,—,—,—,宏俊有限公司,是
大松,W07V5A,U2-C230036,2020,1,243,2.25,4.5738,R32,不適用,—,—,—,宏俊有限公司,是
美的,MW-22CRF8D-1,U2-C230035,2020,1,673,6.33,4.8468,R32,不適用,—,—,—,美的電器(香港)有限公司,是
日立牌,RAW-XH24CA,U2-C230030,2020,1,699,6.49,4.5558,R32,不適用,—,—,—,阿奇立克日立家電(香港)有限公司,是
品牌,型號,參考編號,年份 (*),能源效益級別(製冷)(1 至 5),每年耗電量(製冷)(千瓦小時),製冷量(千瓦),製冷季節性表現系數 (CSPF),製冷劑,能源效益級別(供暖)(1 至 5),每年耗電量(供暖)(千瓦小時),供暖量(千瓦),供暖季節性表現系數 (HSPF),資料提供者,變頻
日立牌,RAW-XH18CA,U2-C230029,2020,1,545,5.33,4.7286,R32,不適用,—,—,—,阿奇立克日立家電(香港)有限公司,是
日立牌,RAW-XH13CA,U2-C230028,2020,1,362,3.66,4.8952,R32,不適用,—,—,—,阿奇立克日立家電(香港)有限公司,是
日立牌,RAW-XH10CA,U2-C230027,2020,1,276,2.50,4.5831,R32,不適用,—,—,—,阿奇立克日立家電(香港)有限公司,是
日立牌,RAW-XH07CA,U2-C230026,2020,1,244,2.22,4.5493,R32,不適用,—,—,—,阿奇立克日立家電(香港)有限公司,是
飛歌,PVR21R,U2-C230025,2020,1,665,6.19,4.9001,R32,不適用,—,—,—,太平家庭電器,是
飛歌,PVR18R,U2-C230024,2020,1,557,5.26,4.7872,R32,不適用,—,—,—,太平家庭電器,是
飛歌,PVR12R,U2-C230023,2020,2,420,3.44,4.2380,R32,不適用,—,—,—,太平家庭電器,是
飛歌,PVR09R,U2-C230022,2020,1,290,2.57,4.5994,R32,不適用,—,—,—,太平家庭電器,是
飛歌,PVR07R,U2-C230021,2020,1,240,2.27,4.7701,R32,不適用,—,—,—,太平家庭電器,是
Morita Denko,NMDWA18CRF8B,U2-C230020,2020,1,557,5.26,4.7872,R32,不適用,—,—,—,美的電器(香港)有限公司,是
Morita Denko,NMDWA12CRF8B,U2-C230019,2020,2,420,3.44,4.2380,R32,不適用,—,—,—,美的電器(香港)有限公司,是
Morita Denko,NMDWA09CRF8B,U2-C230018,2020,1,290,2.57,4.5994,R32,不適用,—,—,—,美的電器(香港)有限公司,是
Morita Denko,NMDWA07CRF8B,U2-C230017,2020,1,240,2.27,4.7701,R32,不適用,—,—,—,美的電器(香港)有限公司,是
Morita Denko,NMDWA18CM8C,U2-C230016,2020,3,823,5.35,3.2561,R32,不適用,—,—,—,美的電器(香港)有限公司,否
Morita Denko,NMDWA12CM8C,U2-C230015,2020,3,546,3.56,3.2599,R32,不適用,—,—,—,美的電器(香港)有限公司,否
Morita Denko,NMDWA09CM8C,U2-C230014,2020,3,393,2.73,3.3994,R32,不適用,—,—,—,美的電器(香港)有限公司,否
Morita Denko,NMDWA07CM8C,U2-C230013,2020,3,315,2.09,3.2954,R32,不適用,—,—,—,美的電器(香港)有限公司,否
樂信牌,RC-S24HR,U2-C230010,2020,1,668,6.63,4.7664,R32,不適用,—,—,—,信興電工工程有限公司,是
樂信牌,RC-S18HR,U2-C230009,2020,1,561,5.28,4.5957,R32,不適用,—,—,—,信興電工工程有限公司,是
樂信牌,RC-S12HR,U2-C230008,2020,1,365,3.62,4.8539,R32,不適用,—,—,—,信興電工工程有限公司,是
樂信牌,RC-S9HR,U2-C230007,2020,1,272,2.57,4.6497,R32,不適用,—,—,—,信興電工工程有限公司,是
樂信牌,RC-S7HR,U2-C230006,2020,1,243,2.25,4.5738,R32,不適用,—,—,—,信興電工工程有限公司,是
樂信牌,RC-S24PG,U2-C230005,2020,1,668,6.63,4.7664,R32,不適用,—,—,—,信興電工工程有限公司,是
樂信牌,RC-S18PG,U2-C230004,2020,1,561,5.28,4.5957,R32,不適用,—,—,—,信興電工工程有限公司,是
樂信牌,RC-S12PG,U2-C230003,2020,1,365,3.62,4.8539,R32,不適用,—,—,—,信興電工工程有限公司,是
樂信牌,RC-S9PG,U2-C230002,2020,1,272,2.57,4.6497,R32,不適用,—,—,—,信興電工工程有限公司,是
樂信牌,RC-S7PG,U2-C230001,2020,1,243,2.25,4.5738,R32,不適用,—,—,—,信興電工工程有限公司,是
金章牌,ZWACR2123V,U2-C220269,2020,1,665,6.19,4.9001,R32,不適用,—,—,—,大昌貿易行有限公司,是
金章牌,ZWACR1823V,U2-C220268,2020,1,557,5.26,4.7872,R32,不適用,—,—,—,大昌貿易行有限公司,是
金章牌,ZWACR1223V,U2-C220267,2020,2,420,3.44,4.2380,R32,不適用,—,—,—,大昌貿易行有限公司,是
金章牌,ZWACR0923V,U2-C220266,2020,1,290,2.57,4.5994,R32,不適用,—,—,—,大昌貿易行有限公司,是
金章牌,ZWACR0723V,U2-C220265,2020,1,240,2.27,4.7701,R32,不適用,—,—,—,大昌貿易行有限公司,是
伊萊克斯,EWV215CR1WA,U2-C220264,2020,1,665,6.19,4.9001,R32,不適用,—,—,—,大昌貿易行有限公司,是
伊萊克斯,EWV185CR1WA,U2-C220263,2020,1,557,5.26,4.7872,R32,不適用,—,—,—,大昌貿易行有限公司,是
伊萊克斯,EWV125CR1WA,U2-C220262,2020,2,420,3.44,4.2380,R32,不適用,—,—,—,大昌貿易行有限公司,是
伊萊克斯,EWV095CR1WA,U2-C220261,2020,1,290,2.57,4.5994,R32,不適用,—,—,—,大昌貿易行有限公司,是
伊萊克斯,EWV075CR1WA,U2-C220260,2020,1,240,2.27,4.7701,R32,不適用,—,—,—,大昌貿易行有限公司,是
東芝,RAC-07G3CVRG-HK,U2-C220259,2020,1,237,2.27,4.7631,R32,不適用,—,—,—,東芝香港有限公司,是
東芝,RAC-09G3CVRGR-HK,U2-C220258,2020,1,276,2.67,4.8294,R32,不適用,—,—,—,東芝香港有限公司,是
東芝,RAC-07G3CVRGR-HK,U2-C220257,2020,1,237,2.27,4.7631,R32,不適用,—,—,—,東芝香港有限公司,是
東芝,RAC-09G3CVG-HK,U2-C220256,2020,1,276,2.67,4.8294,R32,不適用,—,—,—,東芝香港有限公司,是
東芝,RAC-07G3CVG-HK,U2-C220255,2020,1,237,2.27,4.7631,R32,不適用,—,—,—,東芝香港有限公司,是
三菱重工,WRK20MEC1,U2-C220254,2020,1,240,2.27,4.7529,R32,不適用,—,—,—,三菱重工業(香港)有限公司冷熱事業部,是
東芝,RAC-18G3CVRGR-HK,U2-C220250,2020,1,546,5.30,4.7731,R32,不適用,—,—,—,東芝香港有限公司,是
東芝,RAC-12G3CVRGR-HK,U2-C220249,2020,2,418,3.46,4.2367,R32,不適用,—,—,—,東芝香港有限公司,是
東芝,RAC-18G3CVG-HK,U2-C220248,2020,1,546,5.30,4.7731,R32,不適用,—,—,—,東芝香港有限公司,是
東芝,RAC-12G3CVG-HK,U2-C220247,2020,2,418,3.46,4.2367,R32,不適用,—,—,—,東芝香港有限公司,是
三菱重工,WRK53MEC1,U2-C220242,2020,1,557,5.26,4.7872,R32,不適用,—,—,—,三菱重工業(香港)有限公司冷熱事業部,是
三菱重工,WRK35MEC1,U2-C220241,2020,2,420,3.44,4.2380,R32,不適用,—,—,—,三菱重工業(香港)有限公司冷熱事業部,是
三菱重工,WRK26MEC1,U2-C220240,2020,1,290,2.57,4.5994,R32,不適用,—,—,—,三菱重工業(香港)有限公司冷熱事業部,是
品牌,型號,參考編號,年份 (*),能源效益級別(製冷)(1 至 5),每年耗電量(製冷)(千瓦小時),製冷量(千瓦),製冷季節性表現系數 (CSPF),製冷劑,能源效益級別(供暖)(1 至 5),每年耗電量(供暖)(千瓦小時),供暖量(千瓦),供暖季節性表現系數 (HSPF),資料提供者,變頻
格力,GWV70EG,U2-C220238,2020,1,668,6.63,4.7664,R32,不適用,—,—,—,太平家庭電器,是
格力,GWV53EG,U2-C220237,2020,1,561,5.28,4.5957,R32,不適用,—,—,—,太平家庭電器,是
格力,GWV35EG,U2-C220236,2020,1,365,3.62,4.8539,R32,不適用,—,—,—,太平家庭電器,是
格力,GWV26EG,U2-C220235,2020,1,272,2.57,4.6497,R32,不適用,—,—,—,太平家庭電器,是
格力,GWV20EG,U2-C220234,2020,1,243,2.25,4.5738,R32,不適用,—,—,—,太平家庭電器,是
美的,MW-12CRF8C,U2-C220233,2020,1,370,3.64,4.8040,R32,不適用,—,—,—,美的電器(香港)有限公司,是
美的,MW-18CR8C,U2-C220232,2020,3,830,5.38,3.2291,R32,不適用,—,—,—,美的電器(香港)有限公司,否
美的,MW-12CR8C,U2-C220231,2020,3,549,3.56,3.2432,R32,不適用,—,—,—,美的電器(香港)有限公司,否
美的,MW-09CR8C,U2-C220230,2020,3,396,2.75,3.3693,R32,不適用,—,—,—,美的電器(香港)有限公司,否
美的,MW-07CR8C,U2-C220229,2020,3,315,2.10,3.2883,R32,不適用,—,—,—,美的電器(香港)有限公司,否
美的,MW-18CM8C,U2-C220228,2020,3,823,5.35,3.2561,R32,不適用,—,—,—,美的電器(香港)有限公司,否
美的,MW-12CM8C,U2-C220227,2020,3,546,3.56,3.2599,R32,不適用,—,—,—,美的電器(香港)有限公司,否
美的,MW-09CM8C,U2-C220226,2020,3,393,2.73,3.3994,R32,不適用,—,—,—,美的電器(香港)有限公司,否
美的,MW-07CM8C,U2-C220225,2020,3,315,2.09,3.2954,R32,不適用,—,—,—,美的電器(香港)有限公司,否
美的,MW-22CRF8D,U2-C220223,2020,1,665,6.19,4.9001,R32,不適用,—,—,—,美的電器(香港)有限公司,是
金田,KA-W182M,U2-C220222,2020,4,860,5.26,3.0272,R410A,不適用,—,—,—,金田貿易有限公司,否
金田,KA-W122M,U2-C220221,2020,4,563,3.43,3.0530,R410A,不適用,—,—,—,金田貿易有限公司,否
金田,KA-W092M,U2-C220220,2020,4,430,2.64,3.0343,R410A,不適用,—,—,—,金田貿易有限公司,否
金田,KA-W072M,U2-C220219,2020,4,345,2.22,3.0441,R410A,不適用,—,—,—,金田貿易有限公司,否
約克,YC-24XA-R,U2-C220218,2020,2,798,6.66,3.9925,R410A,不適用,—,—,—,江森自控日立空調貿易（香港）有限公司,是
約克,YC-18XA-R,U2-C220217,2020,2,600,5.28,4.2944,R410A,不適用,—,—,—,江森自控日立空調貿易（香港）有限公司,是
約克,YC-12XA-R,U2-C220216,2020,2,443,3.56,3.9990,R410A,不適用,—,—,—,江森自控日立空調貿易（香港）有限公司,是
約克,YC-9XA-R,U2-C220215,2020,2,338,2.57,3.7364,R410A,不適用,—,—,—,江森自控日立空調貿易（香港）有限公司,是
約克,YC-7XA-R,U2-C220214,2020,2,280,2.25,3.8858,R410A,不適用,—,—,—,江森自控日立空調貿易（香港）有限公司,是
樂信牌,RC-S240U,U2-C220205,2020,2,757,6.15,4.3040,R32,不適用,—,—,—,信興電工工程有限公司,是
樂信牌,RC-S180U,U2-C220204,2020,1,557,5.26,4.7872,R32,不適用,—,—,—,信興電工工程有限公司,是
樂信牌,RC-S120U,U2-C220203,2020,2,420,3.44,4.2380,R32,不適用,—,—,—,信興電工工程有限公司,是
樂信牌,RC-S90U,U2-C220202,2020,1,290,2.57,4.5994,R32,不適用,—,—,—,信興電工工程有限公司,是
樂信牌,RC-S70U,U2-C220201,2020,1,240,2.27,4.7701,R32,不適用,—,—,—,信興電工工程有限公司,是
開利,CHK21SBVX,U2-C220196,2020,2,726,6.15,4.2761,R32,不適用,—,—,—,世紀開利家用空調有限公司,是
開利,CHK18SBVX,U2-C220195,2020,1,546,5.30,4.7731,R32,不適用,—,—,—,世紀開利家用空調有限公司,是
開利,CHK12SBVX,U2-C220194,2020,2,418,3.46,4.2367,R32,不適用,—,—,—,世紀開利家用空調有限公司,是
開利,CHK09SBVX,U2-C220193,2020,1,276,2.67,4.8294,R32,不適用,—,—,—,世紀開利家用空調有限公司,是
開利,CHK07SBVX,U2-C220192,2020,1,237,2.27,4.7631,R32,不適用,—,—,—,世紀開利家用空調有限公司,是
開利,CHK18FBVX,U2-C220191,2020,1,546,5.30,4.7731,R32,不適用,—,—,—,世紀開利家用空調有限公司,是
開利,CHK12FBVX,U2-C220190,2020,2,418,3.46,4.2367,R32,不適用,—,—,—,世紀開利家用空調有限公司,是
開利,CHK09FBVX,U2-C220189,2020,1,276,2.67,4.8294,R32,不適用,—,—,—,世紀開利家用空調有限公司,是
開利,CHK07FBVX,U2-C220188,2020,1,237,2.27,4.7631,R32,不適用,—,—,—,世紀開利家用空調有限公司,是
肯特,TA-21BVX,U2-C220187,2020,2,726,6.15,4.2761,R32,不適用,—,—,—,世紀開利家用空調有限公司,是
肯特,TA-12BVX,U2-C220185,2020,2,418,3.46,4.2367,R32,不適用,—,—,—,世紀開利家用空調有限公司,是
肯特,TA-09BVX,U2-C220184,2020,1,276,2.67,4.8294,R32,不適用,—,—,—,世紀開利家用空調有限公司,是
肯特,TA-07BVX,U2-C220183,2020,1,237,2.27,4.7631,R32,不適用,—,—,—,世紀開利家用空調有限公司,是
肯特,TA-21AVX,U2-C220182,2020,2,726,6.15,4.2761,R32,不適用,—,—,—,世紀開利家用空調有限公司,是
肯特,TA-18AVX,U2-C220181,2020,1,546,5.30,4.7731,R32,不適用,—,—,—,世紀開利家用空調有限公司,是
肯特,TA-12AVX,U2-C220180,2020,2,418,3.46,4.2367,R32,不適用,—,—,—,世紀開利家用空調有限公司,是
肯特,TA-09AVX,U2-C220179,2020,1,276,2.67,4.8294,R32,不適用,—,—,—,世紀開利家用空調有限公司,是
肯特,TA-07AVX,U2-C220178,2020,1,237,2.27,4.7631,R32,不適用,—,—,—,世紀開利家用空調有限公司,是
肯特,TA-21OBVX,U2-C220177,2020,2,726,6.15,4.2761,R32,不適用,—,—,—,世紀開利家用空調有限公司,是
肯特,TA-18OBVX,U2-C220176,2020,1,546,5.30,4.7731,R32,不適用,—,—,—,世紀開利家用空調有限公司,是
肯特,TA-12OBVX,U2-C220175,2020,2,418,3.46,4.2367,R32,不適用,—,—,—,世紀開利家用空調有限公司,是
品牌,型號,參考編號,年份 (*),能源效益級別(製冷)(1 至 5),每年耗電量(製冷)(千瓦小時),製冷量(千瓦),製冷季節性表現系數 (CSPF),製冷劑,能源效益級別(供暖)(1 至 5),每年耗電量(供暖)(千瓦小時),供暖量(千瓦),供暖季節性表現系數 (HSPF),資料提供者,變頻
肯特,TA-09OBVX,U2-C220174,2020,1,276,2.67,4.8294,R32,不適用,—,—,—,世紀開利家用空調有限公司,是
肯特,TA-07OBVX,U2-C220173,2020,1,237,2.27,4.7631,R32,不適用,—,—,—,世紀開利家用空調有限公司,是
LG,W3NQ08UNNP2,U2-C220170,2020,2,272,2.36,4.3603,R32,不適用,—,—,—,LG Electronics HK Ltd,是
格力,GWF24DB,U2-C220169,2020,1,668,6.63,4.7664,R32,不適用,—,—,—,太平家庭電器,是
格力,GWF18DB,U2-C220168,2020,1,561,5.28,4.5957,R32,不適用,—,—,—,太平家庭電器,是
格力,GWF12DB,U2-C220167,2020,1,365,3.62,4.8539,R32,不適用,—,—,—,太平家庭電器,是
格力,GWF09DB,U2-C220166,2020,1,272,2.57,4.6497,R32,不適用,—,—,—,太平家庭電器,是
格力,GWF07DB,U2-C220165,2020,1,243,2.25,4.5738,R32,不適用,—,—,—,太平家庭電器,是
珍寶,ALWB24NIC,U2-C220162,2020,1,706,6.33,4.5137,R32,不適用,—,—,—,第一電業有限公司,是
珍寶,AFWB18NIC,U2-C220161,2020,1,544,5.33,4.7382,R32,不適用,—,—,—,第一電業有限公司,是
開利,CHK12EAVX,U2-C220160,2020,2,418,3.46,4.2367,R32,不適用,—,—,—,世紀開利家用空調有限公司,是
開利,CHK09EAVX,U2-C220159,2020,1,276,2.67,4.8290,R32,不適用,—,—,—,世紀開利家用空調有限公司,是
開利,CHK07EAVX,U2-C220158,2020,1,237,2.27,4.7631,R32,不適用,—,—,—,世紀開利家用空調有限公司,是
美的,MW-22CRF8C,U2-C220157,2020,2,757,6.15,4.3040,R32,不適用,—,—,—,美的電器(香港)有限公司,是
美的,MW-18CRF8C,U2-C220156,2020,1,557,5.26,4.7872,R32,不適用,—,—,—,美的電器(香港)有限公司,是
珍寶,AMWB12NIC,U2-C220149,2020,1,361,3.59,4.8987,R32,不適用,—,—,—,第一電業有限公司,是
珍寶,AKWB9NIC,U2-C220148,2020,1,260,2.60,4.8547,R32,不適用,—,—,—,第一電業有限公司,是
珍寶,AKWB7NIC,U2-C220147,2020,1,228,2.32,4.8897,R32,不適用,—,—,—,第一電業有限公司,是
富士電機,RMB12GPTN,U2-C220146,2020,4,555,3.60,3.0975,R410A,不適用,—,—,—,第一電業有限公司,否
富士電機,RKB09GPTN,U2-C220145,2020,4,424,2.64,3.0381,R410A,不適用,—,—,—,第一電業有限公司,否
富士電機,RKB07GPTN,U2-C220144,2020,4,351,2.31,3.1234,R410A,不適用,—,—,—,第一電業有限公司,否
美的,MW-12CRF8B,U2-C220143,2020,2,420,3.44,4.2380,R32,不適用,—,—,—,美的電器(香港)有限公司,是
美的,MW-09CRF8B,U2-C220142,2020,1,290,2.57,4.5994,R32,不適用,—,—,—,美的電器(香港)有限公司,是
美的,MW-07CRF8B,U2-C220141,2020,1,240,2.27,4.7701,R32,不適用,—,—,—,美的電器(香港)有限公司,是
開利,CHK21EAVX,U2-C220140,2020,2,726,6.15,4.2761,R32,不適用,—,—,—,世紀開利家用空調有限公司,是
開利,CHK18EAVX,U2-C220139,2020,1,546,5.30,4.7731,R32,不適用,—,—,—,世紀開利家用空調有限公司,是
開利,CHK18FTE,U2-C220138,2020,4,852,5.27,3.1305,R410A,不適用,—,—,—,世紀開利家用空調有限公司,否
開利,CHK12FTE,U2-C220137,2020,3,559,3.49,3.1787,R410A,不適用,—,—,—,世紀開利家用空調有限公司,否
開利,CHK09FTE,U2-C220136,2020,4,422,2.56,3.0941,R410A,不適用,—,—,—,世紀開利家用空調有限公司,否
開利,CHK07FTE,U2-C220135,2020,4,357,2.13,2.9889,R410A,不適用,—,—,—,世紀開利家用空調有限公司,否
金章牌,ZWACR1822,U2-C220134,2020,4,881,5.16,3.0420,R410A,不適用,—,—,—,大昌貿易行有限公司,否
金章牌,ZWACR1222,U2-C220133,2020,4,579,3.51,3.0537,R410A,不適用,—,—,—,大昌貿易行有限公司,否
金章牌,ZWACR0922,U2-C220132,2020,4,439,2.64,3.0437,R410A,不適用,—,—,—,大昌貿易行有限公司,否
金章牌,ZWACR0722,U2-C220131,2020,4,345,2.25,3.1473,R410A,不適用,—,—,—,大昌貿易行有限公司,否
金章牌,ZWACM0922,U2-C220130,2020,4,439,2.64,3.0437,R410A,不適用,—,—,—,大昌貿易行有限公司,否
金章牌,ZWACM0722,U2-C220129,2020,4,345,2.25,3.1473,R410A,不適用,—,—,—,大昌貿易行有限公司,否
珍寶,AMWA12GBT,U2-C220120,2020,4,555,3.60,3.0975,R410A,不適用,—,—,—,第一電業有限公司,否
珍寶,AKWA9GNR,U2-C220119,2020,4,424,2.64,3.0381,R410A,不適用,—,—,—,第一電業有限公司,否
珍寶,AKWA7GNR,U2-C220118,2020,4,351,2.31,3.1234,R410A,不適用,—,—,—,第一電業有限公司,否
韓國現代,AC24CR,U2-C220114,2020,4,1071,6.70,3.0695,R410A,不適用,—,—,—,數碼港科技有限公司,否
韓國現代,AC18CR,U2-C220113,2020,4,860,5.26,3.0272,R410A,不適用,—,—,—,數碼港科技有限公司,否
韓國現代,AC12CR,U2-C220112,2020,4,563,3.43,3.0530,R410A,不適用,—,—,—,數碼港科技有限公司,否
韓國現代,AC09CR,U2-C220111,2020,4,430,2.64,3.0343,R410A,不適用,—,—,—,數碼港科技有限公司,否
韓國現代,AC07CR,U2-C220110,2020,4,345,2.22,3.0441,R410A,不適用,—,—,—,數碼港科技有限公司,否
韓國現代,AC60,U2-C220109,2020,4,1071,6.70,3.0695,R410A,不適用,—,—,—,數碼港科技有限公司,否
韓國現代,AC50,U2-C220108,2020,4,860,5.26,3.0272,R410A,不適用,—,—,—,數碼港科技有限公司,否
韓國現代,AC35,U2-C220107,2020,4,563,3.43,3.0530,R410A,不適用,—,—,—,數碼港科技有限公司,否
韓國現代,AC25,U2-C220106,2020,4,430,2.64,3.0343,R410A,不適用,—,—,—,數碼港科技有限公司,否
韓國現代,AC20,U2-C220105,2020,4,345,2.22,3.0441,R410A,不適用,—,—,—,數碼港科技有限公司,否
日立牌,RAW-VJ18SCASK,U2-C220102,2020,2,585,5.29,4.4118,R410A,不適用,—,—,—,阿奇立克日立家電(香港)有限公司,是
品牌,型號,參考編號,年份 (*),能源效益級別(製冷)(1 至 5),每年耗電量(製冷)(千瓦小時),製冷量(千瓦),製冷季節性表現系數 (CSPF),製冷劑,能源效益級別(供暖)(1 至 5),每年耗電量(供暖)(千瓦小時),供暖量(千瓦),供暖季節性表現系數 (HSPF),資料提供者,變頻
日立牌,RAW-VJ24SCASK,U2-C220098,2020,2,738,6.75,4.3184,R410A,不適用,—,—,—,阿奇立克日立家電(香港)有限公司,是
樂信牌,RC-XN1821E,U2-C220097,2020,3,795,5.45,3.3521,R32,不適用,—,—,—,信興電工工程有限公司,否
樂信牌,RC-XN1221V,U2-C220096,2020,3,560,3.60,3.2797,R32,不適用,—,—,—,信興電工工程有限公司,否
樂信牌,RC-XN921J,U2-C220095,2020,3,418,2.59,3.2317,R32,不適用,—,—,—,信興電工工程有限公司,否
樂信牌,RC-XN721J,U2-C220094,2020,3,343,2.26,3.1978,R32,不適用,—,—,—,信興電工工程有限公司,否
樂信牌,RC-N1821E,U2-C220093,2020,3,795,5.45,3.3521,R32,不適用,—,—,—,信興電工工程有限公司,否
樂信牌,RC-N1221V,U2-C220092,2020,3,560,3.60,3.2797,R32,不適用,—,—,—,信興電工工程有限公司,否
樂信牌,RC-N921J,U2-C220091,2020,3,418,2.59,3.2317,R32,不適用,—,—,—,信興電工工程有限公司,否
樂信牌,RC-N721J,U2-C220090,2020,3,343,2.26,3.1978,R32,不適用,—,—,—,信興電工工程有限公司,否
伊萊克斯,EWF183CR6WA,U2-C220089,2020,4,881,5.16,3.0420,R410A,不適用,—,—,—,大昌貿易行有限公司,否
伊萊克斯,EWF123CR6WA,U2-C220088,2020,4,579,3.51,3.0537,R410A,不適用,—,—,—,大昌貿易行有限公司,否
伊萊克斯,EWF093CR6WA,U2-C220087,2020,4,442,2.58,3.0216,R410A,不適用,—,—,—,大昌貿易行有限公司,否
伊萊克斯,EWF093CM5WA,U2-C220086,2020,4,442,2.58,3.0216,R410A,不適用,—,—,—,大昌貿易行有限公司,否
伊萊克斯,EWF073CR6WA,U2-C220085,2020,4,345,2.25,3.1473,R410A,不適用,—,—,—,大昌貿易行有限公司,否
伊萊克斯,EWF073CM5WA,U2-C220084,2020,4,345,2.25,3.1473,R410A,不適用,—,—,—,大昌貿易行有限公司,否
Panasonic,CW-XN1821EA,U2-C220083,2020,3,795,5.45,3.3521,R32,不適用,—,—,—,信興電器貿易有限公司,否
Panasonic,CW-XN1221VA,U2-C220082,2020,3,560,3.60,3.2797,R32,不適用,—,—,—,信興電器貿易有限公司,否
Panasonic,CW-XN921JA,U2-C220081,2020,3,418,2.59,3.2317,R32,不適用,—,—,—,信興電器貿易有限公司,否
Panasonic,CW-XN721JA,U2-C220080,2020,3,343,2.26,3.1978,R32,不適用,—,—,—,信興電器貿易有限公司,否
Panasonic,CW-N1821EA,U2-C220077,2020,3,795,5.45,3.3521,R32,不適用,—,—,—,信興電器貿易有限公司,否
Panasonic,CW-N1221VA,U2-C220076,2020,3,560,3.60,3.2797,R32,不適用,—,—,—,信興電器貿易有限公司,否
Panasonic,CW-N921JA,U2-C220075,2020,3,418,2.59,3.2317,R32,不適用,—,—,—,信興電器貿易有限公司,否
Panasonic,CW-N721JA,U2-C220074,2020,3,343,2.26,3.1978,R32,不適用,—,—,—,信興電器貿易有限公司,否
日立牌,RAW-VJ13SCASK,U2-C220065,2020,2,428,3.58,4.1348,R410A,不適用,—,—,—,阿奇立克日立家電(香港)有限公司,是
日立牌,RAW-VJ10SCASK,U2-C220064,2020,2,315,2.56,4.0193,R410A,不適用,—,—,—,阿奇立克日立家電(香港)有限公司,是
日立牌,RAW-VJ07SCASK,U2-C220063,2020,2,267,2.23,4.0752,R410A,不適用,—,—,—,阿奇立克日立家電(香港)有限公司,是
飛歌,PWV2218R,U2-C220058,2020,4,881,5.16,3.0420,R410A,不適用,—,—,—,太平家庭電器,否
飛歌,PWV2212R,U2-C220057,2020,4,579,3.51,3.0537,R410A,不適用,—,—,—,太平家庭電器,否
飛歌,PWV2209R,U2-C220056,2020,4,439,2.64,3.0437,R410A,不適用,—,—,—,太平家庭電器,否
飛歌,PWV2207R,U2-C220055,2020,4,345,2.25,3.1473,R410A,不適用,—,—,—,太平家庭電器,否
飛歌,PWV2224M,U2-C220054,2020,4,1085,6.70,3.0758,R410A,不適用,—,—,—,太平家庭電器,否
飛歌,PWV2218M,U2-C220053,2020,4,881,5.16,3.0420,R410A,不適用,—,—,—,太平家庭電器,否
飛歌,PWV2212M,U2-C220052,2020,4,579,3.51,3.0537,R410A,不適用,—,—,—,太平家庭電器,否
飛歌,PWV2209M,U2-C220051,2020,4,442,2.58,3.0216,R410A,不適用,—,—,—,太平家庭電器,否
飛歌,PWV2207M,U2-C220050,2020,4,345,2.25,3.1473,R410A,不適用,—,—,—,太平家庭電器,否
飛歌,PVA2224R,U2-C220049,2020,2,798,6.66,3.9925,R410A,不適用,—,—,—,太平家庭電器,是
飛歌,PVA2218R,U2-C220048,2020,2,601,5.27,4.2873,R410A,不適用,—,—,—,太平家庭電器,是
飛歌,PVA2212R,U2-C220047,2020,2,430,3.65,4.1139,R410A,不適用,—,—,—,太平家庭電器,是
飛歌,PVA2209R,U2-C220046,2020,2,330,2.58,3.8266,R410A,不適用,—,—,—,太平家庭電器,是
飛歌,PVA2207R,U2-C220045,2020,2,284,2.26,3.8343,R410A,不適用,—,—,—,太平家庭電器,是
北極,FWA2218R,U2-C220044,2020,4,881,5.16,3.0420,R410A,不適用,—,—,—,太平家庭電器,否
北極,FWA2212R,U2-C220043,2020,4,579,3.51,3.0537,R410A,不適用,—,—,—,太平家庭電器,否
北極,FWA2209R,U2-C220042,2020,4,442,2.58,3.0216,R410A,不適用,—,—,—,太平家庭電器,否
北極,FWA2207R,U2-C220041,2020,4,345,2.25,3.1473,R410A,不適用,—,—,—,太平家庭電器,否
快意寶,W187-PAC,U2-C220040,2020,4,860,5.26,3.0272,R410A,不適用,—,—,—,康富電器貿易有限公司,否
快意寶,W127-PAC,U2-C220039,2020,4,563,3.43,3.0530,R410A,不適用,—,—,—,康富電器貿易有限公司,否
快意寶,W097-PAC,U2-C220038,2020,4,430,2.64,3.0343,R410A,不適用,—,—,—,康富電器貿易有限公司,否
快意寶,W077-PAC,U2-C220037,2020,4,345,2.22,3.0441,R410A,不適用,—,—,—,康富電器貿易有限公司,否
快意寶,W128R-PAC,U2-C220036,2020,4,563,3.43,3.0530,R410A,不適用,—,—,—,康富電器貿易有限公司,否
快意寶,W098R-PAC,U2-C220035,2020,4,430,2.64,3.0343,R410A,不適用,—,—,—,康富電器貿易有限公司,否
品牌,型號,參考編號,年份 (*),能源效益級別(製冷)(1 至 5),每年耗電量(製冷)(千瓦小時),製冷量(千瓦),製冷季節性表現系數 (CSPF),製冷劑,能源效益級別(供暖)(1 至 5),每年耗電量(供暖)(千瓦小時),供暖量(千瓦),供暖季節性表現系數 (HSPF),資料提供者,變頻
快意寶,W078R-PAC,U2-C220034,2020,4,345,2.22,3.0441,R410A,不適用,—,—,—,康富電器貿易有限公司,否
卓爾,WAC-S1807,U2-C220033,2020,4,860,5.26,3.0272,R410A,不適用,—,—,—,康富電器貿易有限公司,否
卓爾,WAC-S1207,U2-C220032,2020,4,563,3.43,3.0530,R410A,不適用,—,—,—,康富電器貿易有限公司,否
卓爾,WAC-S907,U2-C220031,2020,4,430,2.64,3.0343,R410A,不適用,—,—,—,康富電器貿易有限公司,否
卓爾,WAC-S707,U2-C220030,2020,4,345,2.22,3.0441,R410A,不適用,—,—,—,康富電器貿易有限公司,否
卓爾,WAC-S1208R,U2-C220029,2020,4,563,3.43,3.0530,R410A,不適用,—,—,—,康富電器貿易有限公司,否
卓爾,WAC-S908R,U2-C220028,2020,4,430,2.64,3.0343,R410A,不適用,—,—,—,康富電器貿易有限公司,否
卓爾,WAC-S708R,U2-C220027,2020,4,345,2.22,3.0441,R410A,不適用,—,—,—,康富電器貿易有限公司,否
惠而浦,AWA18020R,U2-C220026,2020,4,885,5.23,3.0257,R410A,不適用,—,—,—,惠而浦(香港)有限公司,否
惠而浦,AWA18020N,U2-C220025,2020,4,885,5.23,3.0257,R410A,不適用,—,—,—,惠而浦(香港)有限公司,否
惠而浦,AWA09220R,U2-C220024,2020,4,453,2.52,2.9430,R410A,不適用,—,—,—,惠而浦(香港)有限公司,否
惠而浦,AWA09220N,U2-C220023,2020,4,442,2.58,3.0216,R410A,不適用,—,—,—,惠而浦(香港)有限公司,否
惠而浦,AWA07520R,U2-C220022,2020,4,367,2.20,3.0127,R410A,不適用,—,—,—,惠而浦(香港)有限公司,否
惠而浦,AWA07520N,U2-C220021,2020,4,367,2.20,3.0127,R410A,不適用,—,—,—,惠而浦(香港)有限公司,否
惠而浦,AWV18001R,U2-C220020,2020,2,627,5.34,4.2750,R410A,不適用,—,—,—,惠而浦(香港)有限公司,是
惠而浦,AWV18000R,U2-C220019,2020,2,627,5.34,4.2750,R410A,不適用,—,—,—,惠而浦(香港)有限公司,是
惠而浦,AWV12001R,U2-C220018,2020,2,467,3.67,3.9431,R410A,不適用,—,—,—,惠而浦(香港)有限公司,是
惠而浦,AWV12000R,U2-C220017,2020,2,467,3.67,3.9431,R410A,不適用,—,—,—,惠而浦(香港)有限公司,是
惠而浦,AWV09001R,U2-C220016,2020,2,342,2.58,3.8426,R410A,不適用,—,—,—,惠而浦(香港)有限公司,是
惠而浦,AWV09000R,U2-C220015,2020,2,342,2.58,3.8426,R410A,不適用,—,—,—,惠而浦(香港)有限公司,是
惠而浦,AWV07001R,U2-C220014,2020,2,294,2.26,3.8506,R410A,不適用,—,—,—,惠而浦(香港)有限公司,是
惠而浦,AWV07000R,U2-C220013,2020,2,294,2.26,3.8506,R410A,不適用,—,—,—,惠而浦(香港)有限公司,是
樂信牌,RC-X18HA,U2-C220012,2020,4,860,5.26,3.0272,R410A,不適用,—,—,—,信興電工工程有限公司,否
樂信牌,RC-X12HA,U2-C220011,2020,4,563,3.43,3.0530,R410A,不適用,—,—,—,信興電工工程有限公司,否
樂信牌,RC-X9HA,U2-C220010,2020,4,430,2.64,3.0343,R410A,不適用,—,—,—,信興電工工程有限公司,否
樂信牌,RC-X7HA,U2-C220009,2020,4,345,2.22,3.0441,R410A,不適用,—,—,—,信興電工工程有限公司,否
樂信牌,RC-X18A,U2-C220008,2020,4,860,5.26,3.0272,R410A,不適用,—,—,—,信興電工工程有限公司,否
樂信牌,RC-X12A,U2-C220007,2020,4,563,3.43,3.0530,R410A,不適用,—,—,—,信興電工工程有限公司,否
樂信牌,RC-X9A,U2-C220006,2020,4,430,2.64,3.0343,R410A,不適用,—,—,—,信興電工工程有限公司,否
樂信牌,RC-X7A,U2-C220005,2020,4,345,2.22,3.0441,R410A,不適用,—,—,—,信興電工工程有限公司,否
冰雪,FR-E18A,U2-C220004,2020,4,860,5.26,3.0272,R410A,不適用,—,—,—,信興電工工程有限公司,否
冰雪,FR-E12A,U2-C220003,2020,4,563,3.43,3.0530,R410A,不適用,—,—,—,信興電工工程有限公司,否
冰雪,FR-E9A,U2-C220002,2020,4,430,2.64,3.0343,R410A,不適用,—,—,—,信興電工工程有限公司,否
冰雪,FR-E7A,U2-C220001,2020,4,345,2.22,3.0441,R410A,不適用,—,—,—,信興電工工程有限公司,否
樂信牌,RC-XV2421G,U2-C210169,2020,4,1071,6.70,3.0695,R410A,不適用,—,—,—,信興電工工程有限公司,否
樂信牌,RC-XV1821G,U2-C210168,2020,4,860,5.26,3.0272,R410A,不適用,—,—,—,信興電工工程有限公司,否
樂信牌,RC-XV1221G,U2-C210167,2020,4,563,3.43,3.0530,R410A,不適用,—,—,—,信興電工工程有限公司,否
樂信牌,RC-XV921G,U2-C210166,2020,4,430,2.64,3.0343,R410A,不適用,—,—,—,信興電工工程有限公司,否
樂信牌,RC-XV721G,U2-C210165,2020,4,345,2.22,3.0441,R410A,不適用,—,—,—,信興電工工程有限公司,否
IMASU,IMW-FC24,U2-C210164,2020,2,798,6.66,3.9925,R410A,不適用,—,—,—,雋程國際有限公司,是
IMASU,IMW-FC18,U2-C210163,2020,2,600,5.28,4.2944,R410A,不適用,—,—,—,雋程國際有限公司,是
樂信牌,RC-V2421G,U2-C210162,2020,4,1071,6.70,3.0695,R410A,不適用,—,—,—,信興電工工程有限公司,否
樂信牌,RC-V1821G,U2-C210161,2020,4,860,5.26,3.0272,R410A,不適用,—,—,—,信興電工工程有限公司,否
樂信牌,RC-V1221G,U2-C210160,2020,4,563,3.43,3.0530,R410A,不適用,—,—,—,信興電工工程有限公司,否
樂信牌,RC-V921G,U2-C210159,2020,4,430,2.64,3.0343,R410A,不適用,—,—,—,信興電工工程有限公司,否
樂信牌,RC-V721G,U2-C210158,2020,4,345,2.22,3.0441,R410A,不適用,—,—,—,信興電工工程有限公司,否
格力,G224RN,U2-C210157,2020,4,1071,6.70,3.0695,R410A,不適用,—,—,—,太平家庭電器,否
格力,G218RN,U2-C210156,2020,4,860,5.26,3.0272,R410A,不適用,—,—,—,太平家庭電器,否
格力,G212RN,U2-C210155,2020,4,563,3.43,3.0530,R410A,不適用,—,—,—,太平家庭電器,否
格力,G209RN,U2-C210154,2020,4,430,2.64,3.0343,R410A,不適用,—,—,—,太平家庭電器,否
品牌,型號,參考編號,年份 (*),能源效益級別(製冷)(1 至 5),每年耗電量(製冷)(千瓦小時),製冷量(千瓦),製冷季節性表現系數 (CSPF),製冷劑,能源效益級別(供暖)(1 至 5),每年耗電量(供暖)(千瓦小時),供暖量(千瓦),供暖季節性表現系數 (HSPF),資料提供者,變頻
格力,G207RN,U2-C210153,2020,4,345,2.22,3.0441,R410A,不適用,—,—,—,太平家庭電器,否
格力,G224MN,U2-C210152,2020,4,1071,6.70,3.0695,R410A,不適用,—,—,—,太平家庭電器,否
格力,G218MN,U2-C210151,2020,4,860,5.26,3.0272,R410A,不適用,—,—,—,太平家庭電器,否
格力,G212MN,U2-C210150,2020,4,563,3.43,3.0530,R410A,不適用,—,—,—,太平家庭電器,否
格力,G209MN,U2-C210149,2020,4,430,2.64,3.0343,R410A,不適用,—,—,—,太平家庭電器,否
格力,G207MN,U2-C210148,2020,4,345,2.22,3.0441,R410A,不適用,—,—,—,太平家庭電器,否
格力,GWA2124BRN,U2-C210147,2020,4,1071,6.70,3.0695,R410A,不適用,—,—,—,太平家庭電器,否
格力,GWA2124BMN,U2-C210146,2020,4,1071,6.70,3.0695,R410A,不適用,—,—,—,太平家庭電器,否
Panasonic,CW-HU240ZA,U2-C210145,2020,1,753,6.80,4.6656,R32,不適用,—,—,—,信興電器貿易有限公司,是
Panasonic,CW-HU180ZA,U2-C210144,2020,1,553,5.11,4.5701,R32,不適用,—,—,—,信興電器貿易有限公司,是
Panasonic,CW-HU120ZA,U2-C210143,2020,1,393,3.54,4.6351,R32,不適用,—,—,—,信興電器貿易有限公司,是
樂信牌,RC-HU240Z,U2-C210142,2020,1,753,6.80,4.6656,R32,不適用,—,—,—,信興電工工程有限公司,是
樂信牌,RC-HU180Z,U2-C210141,2020,1,553,5.11,4.5701,R32,不適用,—,—,—,信興電工工程有限公司,是
樂信牌,RC-HU120Z,U2-C210140,2020,1,393,3.54,4.6351,R32,不適用,—,—,—,信興電工工程有限公司,是
Morita Denko,NMDWA18F3X1,U2-C210139,2020,4,855,5.29,3.1191,R410A,不適用,—,—,—,美的電器(香港)有限公司,否
Morita Denko,NMDWA12F3X1,U2-C210138,2020,4,566,3.52,3.1399,R410A,不適用,—,—,—,美的電器(香港)有限公司,否
Morita Denko,NMDWA09F3X1,U2-C210137,2020,4,431,2.49,3.0222,R410A,不適用,—,—,—,美的電器(香港)有限公司,否
Morita Denko,NMDWA07F3X1,U2-C210136,2020,4,342,2.23,3.1195,R410A,不適用,—,—,—,美的電器(香港)有限公司,否
樂信牌,RC-S90B,U2-C210091,2020,2,352,2.65,3.8090,R410A,不適用,—,—,—,信興電工工程有限公司,是
樂信牌,RC-S70B,U2-C210090,2020,2,290,2.20,3.8340,R410A,不適用,—,—,—,信興電工工程有限公司,是
樂信牌,RC-H90B,U2-C210089,2020,2,352,2.65,3.8090,R410A,2,35,2.71,3.2507,信興電工工程有限公司,是
樂信牌,RC-H70B,U2-C210088,2020,2,290,2.20,3.8340,R410A,2,29,2.24,3.3232,信興電工工程有限公司,是
樂信牌,RC-S240H,U2-C210081,2020,2,798,6.66,3.9925,R410A,不適用,—,—,—,信興電工工程有限公司,是
樂信牌,RC-S180H,U2-C210080,2020,2,600,5.28,4.2944,R410A,不適用,—,—,—,信興電工工程有限公司,是
樂信牌,RC-S120H,U2-C210079,2020,2,443,3.56,3.9990,R410A,不適用,—,—,—,信興電工工程有限公司,是
樂信牌,RC-S90H,U2-C210078,2020,2,338,2.57,3.7364,R410A,不適用,—,—,—,信興電工工程有限公司,是
樂信牌,RC-S70H,U2-C210077,2020,2,280,2.25,3.8858,R410A,不適用,—,—,—,信興電工工程有限公司,是
日立牌,RA-10RDF,U2-C210055,2020,3,422,2.67,3.2022,R32,不適用,—,—,—,阿奇立克日立家電(香港)有限公司,否
日立牌,RA-08RDF,U2-C210054,2020,3,349,2.20,3.1573,R32,不適用,—,—,—,阿奇立克日立家電(香港)有限公司,否
日立牌,RA-10RF,U2-C210053,2020,3,422,2.62,3.2045,R32,不適用,—,—,—,阿奇立克日立家電(香港)有限公司,否
日立牌,RA-08RF,U2-C210052,2020,3,341,2.16,3.2243,R32,不適用,—,—,—,阿奇立克日立家電(香港)有限公司,否
樂信牌,RC-HZ240Z,U2-C210047,2020,1,768,6.76,4.5727,R32,1,76,6.86,3.9445,信興電工工程有限公司,是
樂信牌,RC-XN2421E,U2-C210039,2020,3,1090,6.87,3.2237,R32,不適用,—,—,—,信興電工工程有限公司,否
樂信牌,RC-N2421E,U2-C210038,2020,3,1090,6.87,3.2237,R32,不適用,—,—,—,信興電工工程有限公司,否
Panasonic,CW-N2421EA,U2-C210036,2020,3,1090,6.87,3.2237,R32,不適用,—,—,—,信興電器貿易有限公司,否
東芝,RAC-18NR-HK,U2-C210034,2020,4,856,5.25,3.1156,R410A,不適用,—,—,—,東芝香港有限公司,否
東芝,RAC-12NR-HK,U2-C210033,2020,4,573,3.51,3.1038,R410A,不適用,—,—,—,東芝香港有限公司,否
東芝,RAC-09NR-HK,U2-C210032,2020,4,420,2.52,3.1064,R410A,不適用,—,—,—,東芝香港有限公司,否
東芝,RAC-07NR-HK,U2-C210031,2020,4,345,2.19,3.0891,R410A,不適用,—,—,—,東芝香港有限公司,否
東芝,RAC-18N-HK,U2-C210030,2020,4,856,5.25,3.1156,R410A,不適用,—,—,—,東芝香港有限公司,否
東芝,RAC-12N-HK,U2-C210029,2020,4,573,3.51,3.1038,R410A,不適用,—,—,—,東芝香港有限公司,否
東芝,RAC-09N-HK,U2-C210028,2020,4,420,2.52,3.1064,R410A,不適用,—,—,—,東芝香港有限公司,否
東芝,RAC-07N-HK,U2-C210027,2020,4,345,2.19,3.0891,R410A,不適用,—,—,—,東芝香港有限公司,否
樂信牌,RC-HZ180Z,U2-C210026,2020,1,552,4.96,4.5822,R32,1,53,5.04,4.0644,信興電工工程有限公司,是
樂信牌,RC-HZ120Z,U2-C210025,2020,1,402,3.49,4.5238,R32,1,39,3.45,4.0477,信興電工工程有限公司,是
樂信牌,RC-HZ90Z,U2-C210024,2020,2,343,2.63,3.9305,R32,1,32,2.63,3.6712,信興電工工程有限公司,是
樂信牌,RC-HZ70Z,U2-C210023,2020,2,265,2.14,4.1409,R32,1,25,2.14,3.7874,信興電工工程有限公司,是
樂信牌,RC-HU90Z,U2-C210022,2020,2,343,2.63,3.9305,R32,不適用,—,—,—,信興電工工程有限公司,是
樂信牌,RC-HU70Z,U2-C210021,2020,2,265,2.14,4.1409,R32,不適用,—,—,—,信興電工工程有限公司,是
北極,FWA2109R,U2-C210014,2020,4,431,2.57,3.0924,R410A,不適用,—,—,—,太平家庭電器,否
品牌,型號,參考編號,年份 (*),能源效益級別(製冷)(1 至 5),每年耗電量(製冷)(千瓦小時),製冷量(千瓦),製冷季節性表現系數 (CSPF),製冷劑,能源效益級別(供暖)(1 至 5),每年耗電量(供暖)(千瓦小時),供暖量(千瓦),供暖季節性表現系數 (HSPF),資料提供者,變頻
樂信牌,RC-X9KM,U2-C210013,2020,4,425,2.57,3.1384,R410A,不適用,—,—,—,信興電工工程有限公司,否
樂信牌,RC-X7KM,U2-C210012,2020,4,334,2.00,3.1045,R410A,不適用,—,—,—,信興電工工程有限公司,否
北極,FWA2118R,U2-C210003,2020,4,889,5.14,3.0129,R410A,不適用,—,—,—,太平家庭電器,否
北極,FWA2112R,U2-C210002,2020,4,577,3.35,3.0632,R410A,不適用,—,—,—,太平家庭電器,否
格力,GWA2124BR,U2-C200120,2020,4,1050,6.61,3.1292,R410A,不適用,—,—,—,太平家庭電器,否
格力,GWA2118BR,U2-C200119,2020,4,860,5.26,3.0272,R410A,不適用,—,—,—,太平家庭電器,否
格力,GWA2112BR,U2-C200118,2020,4,563,3.43,3.0530,R410A,不適用,—,—,—,太平家庭電器,否
格力,GWA2109BR,U2-C200117,2020,4,430,2.64,3.0343,R410A,不適用,—,—,—,太平家庭電器,否
格力,GWA2107BR,U2-C200116,2020,4,345,2.22,3.0441,R410A,不適用,—,—,—,太平家庭電器,否
格力,GWA2124BM,U2-C200115,2020,4,1050,6.61,3.1292,R410A,不適用,—,—,—,太平家庭電器,否
格力,GWA2118BM,U2-C200114,2020,4,860,5.26,3.0272,R410A,不適用,—,—,—,太平家庭電器,否
格力,GWA2112BM,U2-C200113,2020,4,563,3.43,3.0530,R410A,不適用,—,—,—,太平家庭電器,否
格力,GWA2109BM,U2-C200112,2020,4,430,2.64,3.0343,R410A,不適用,—,—,—,太平家庭電器,否
格力,GWA2107BM,U2-C200111,2020,4,345,2.22,3.0441,R410A,不適用,—,—,—,太平家庭電器,否
日立牌,RA-13RF,U2-C200103,2020,3,562,3.58,3.2768,R32,不適用,—,—,—,阿奇立克日立家電(香港)有限公司,否
開利,CHK12EPG,U2-C200072,2020,4,577,3.35,3.0632,R410A,不適用,—,—,—,世紀開利家用空調有限公司,否
開利,CHK23EPG,U2-C200071,2020,4,1064,6.61,3.1363,R410A,不適用,—,—,—,世紀開利家用空調有限公司,否
LG,W3NQ12LNNP1,U2-C200056,2020,2,482,3.53,3.7980,R32,不適用,—,—,—,LG Electronics HK Ltd,是
LG,W3NQ10UNNP1,U2-C200055,2020,2,360,2.74,3.8987,R32,不適用,—,—,—,LG Electronics HK Ltd,是
LG,W3NQ08UNNP1,U2-C200054,2020,3,353,2.32,3.3657,R32,不適用,—,—,—,LG Electronics HK Ltd,是
格力,G2024BM,U2-C190171,2020,4,1064,6.61,3.1363,R410A,不適用,—,—,—,太平家庭電器,否
格力,G2018BR,U2-C190170,2020,4,889,5.14,3.0129,R410A,不適用,—,—,—,太平家庭電器,否
格力,G2018BM,U2-C190169,2020,4,889,5.14,3.0129,R410A,不適用,—,—,—,太平家庭電器,否
格力,G2012BR,U2-C190168,2020,4,577,3.35,3.0632,R410A,不適用,—,—,—,太平家庭電器,否
格力,G2012BM,U2-C190167,2020,4,577,3.35,3.0632,R410A,不適用,—,—,—,太平家庭電器,否
格力,G2007BR,U2-C190166,2020,4,360,2.17,3.0221,R410A,不適用,—,—,—,太平家庭電器,否
格力,G2007BM,U2-C190165,2020,4,360,2.17,3.0221,R410A,不適用,—,—,—,太平家庭電器,否
格力,G2009BR,U2-C190164,2020,4,428,2.70,3.1188,R410A,不適用,—,—,—,太平家庭電器,否
格力,G2009BM,U2-C190163,2020,4,428,2.70,3.1188,R410A,不適用,—,—,—,太平家庭電器,否
飛歌,PWV2018R,U2-C190150,2020,4,889,5.14,3.0129,R410A,不適用,—,—,—,太平家庭電器,否
飛歌,PWV2012R,U2-C190149,2020,4,577,3.35,3.0632,R410A,不適用,—,—,—,太平家庭電器,否
飛歌,PWV2009R,U2-C190148,2020,4,439,2.51,3.0392,R410A,不適用,—,—,—,太平家庭電器,否
飛歌,PWV2007R,U2-C190147,2020,4,356,2.14,3.0531,R410A,不適用,—,—,—,太平家庭電器,否
飛歌,PWV2024M,U2-C190146,2020,4,1064,6.61,3.1363,R410A,不適用,—,—,—,太平家庭電器,否
飛歌,PWV2018M,U2-C190145,2020,4,889,5.14,3.0129,R410A,不適用,—,—,—,太平家庭電器,否
飛歌,PWV2012M,U2-C190144,2020,4,577,3.35,3.0632,R410A,不適用,—,—,—,太平家庭電器,否
飛歌,PWV2009M,U2-C190143,2020,4,439,2.51,3.0392,R410A,不適用,—,—,—,太平家庭電器,否
飛歌,PWV2007M,U2-C190142,2020,4,356,2.14,3.0531,R410A,不適用,—,—,—,太平家庭電器,否
美的,MWH-12HR3U1,U2-C190094,2020,3,559,3.73,3.1828,R410A,4,50,3.32,2.7771,美的電器(香港)有限公司,否
美的,MWH-09HR3U1,U2-C190093,2020,3,384,2.67,3.4731,R410A,3,36,2.34,2.8162,美的電器(香港)有限公司,否
樂信牌,RC-XN1819E,U2-C190073,2020,4,851,5.49,3.1312,R32,不適用,—,—,—,信興電工工程有限公司,否
樂信牌,RC-XN1219V,U2-C190072,2020,3,577,3.67,3.1789,R32,不適用,—,—,—,信興電工工程有限公司,否
樂信牌,RC-XN919J,U2-C190071,2020,4,441,2.72,3.0620,R32,不適用,—,—,—,信興電工工程有限公司,否
樂信牌,RC-XN719J,U2-C190070,2020,4,351,2.24,3.1277,R32,不適用,—,—,—,信興電工工程有限公司,否
樂信牌,RC-N1819E,U2-C190069,2020,4,847,5.48,3.1472,R32,不適用,—,—,—,信興電工工程有限公司,否
樂信牌,RC-N1219V,U2-C190068,2020,3,575,3.65,3.1938,R32,不適用,—,—,—,信興電工工程有限公司,否
樂信牌,RC-N919J,U2-C190067,2020,4,443,2.68,3.0442,R32,不適用,—,—,—,信興電工工程有限公司,否
樂信牌,RC-N719J,U2-C190066,2020,4,353,2.21,3.1048,R32,不適用,—,—,—,信興電工工程有限公司,否
開利,CHK12HPE,U2-C190048,2020,3,559,3.73,3.1828,R410A,4,50,3.32,2.7771,世紀開利家用空調有限公司,否
開利,CHK09HPE,U2-C190047,2020,3,384,2.67,3.4731,R410A,3,36,2.34,2.8162,世紀開利家用空調有限公司,否
品牌,型號,參考編號,年份 (*),能源效益級別(製冷)(1 至 5),每年耗電量(製冷)(千瓦小時),製冷量(千瓦),製冷季節性表現系數 (CSPF),製冷劑,能源效益級別(供暖)(1 至 5),每年耗電量(供暖)(千瓦小時),供暖量(千瓦),供暖季節性表現系數 (HSPF),資料提供者,變頻
開利,CHK07SNE,U2-C190046,2020,4,340,2.15,3.0920,R410A,不適用,—,—,—,世紀開利家用空調有限公司,否
開利,CHK18SNE,U2-C190025,2020,4,870,5.32,3.0671,R410A,不適用,—,—,—,世紀開利家用空調有限公司,否
開利,CHK12SNE,U2-C190024,2020,3,564,3.55,3.1512,R410A,不適用,—,—,—,世紀開利家用空調有限公司,否
開利,CHK09SNE,U2-C190023,2020,4,417,2.57,3.1258,R410A,不適用,—,—,—,世紀開利家用空調有限公司,否
開利,CHK18FPE,U2-C180132,2020,4,870,5.32,3.0671,R410A,不適用,—,—,—,世紀開利家用空調有限公司,否
開利,CHK12FPE,U2-C180131,2020,3,564,3.55,3.1512,R410A,不適用,—,—,—,世紀開利家用空調有限公司,否
開利,CHK09FPE,U2-C180130,2020,4,417,2.57,3.1258,R410A,不適用,—,—,—,世紀開利家用空調有限公司,否
開利,CHK07FPE,U2-C180129,2020,4,343,2.17,3.1129,R410A,不適用,—,—,—,世紀開利家用空調有限公司,否
開利,CHK23EPE,U2-C180128,2020,4,1094,6.72,3.1161,R410A,不適用,—,—,—,世紀開利家用空調有限公司,否
開利,CHK18EPE,U2-C180127,2020,4,870,5.32,3.0671,R410A,不適用,—,—,—,世紀開利家用空調有限公司,否
開利,CHK12EPE,U2-C180126,2020,3,564,3.55,3.1512,R410A,不適用,—,—,—,世紀開利家用空調有限公司,否
開利,CHK09EPE,U2-C180125,2020,4,417,2.57,3.1258,R410A,不適用,—,—,—,世紀開利家用空調有限公司,否
開利,CHK07EPE,U2-C180124,2020,4,343,2.17,3.1129,R410A,不適用,—,—,—,世紀開利家用空調有限公司,否
開利,CHK23LPE,U2-C180123,2020,4,1087,6.71,3.1361,R410A,不適用,—,—,—,世紀開利家用空調有限公司,否
開利,CHK18LPE,U2-C180122,2020,4,860,5.36,3.0994,R410A,不適用,—,—,—,世紀開利家用空調有限公司,否
開利,CHK12LPE,U2-C180121,2020,3,563,3.44,3.1561,R410A,不適用,—,—,—,世紀開利家用空調有限公司,否
開利,CHK09LPE,U2-C180120,2020,4,423,2.57,3.0863,R410A,不適用,—,—,—,世紀開利家用空調有限公司,否
開利,CHK07LPE,U2-C180119,2020,4,343,2.18,3.1134,R410A,不適用,—,—,—,世紀開利家用空調有限公司,否
豐澤牌,FWAD19M18,U2-C180084,2020,4,864,5.12,3.0857,R410A,不適用,—,—,—,屈臣氏零售(香港),否
豐澤牌,FWAD10M18,U2-C180082,2020,4,433,2.60,3.0777,R410A,不適用,—,—,—,屈臣氏零售(香港),否
富士電機,RFR18FNTN,U2-C180076,2020,4,850,5.21,3.0323,R410A,不適用,—,—,—,第一電業有限公司,否
富士電機,RMR12FPTN,U2-C180075,2020,4,572,3.47,3.0951,R410A,不適用,—,—,—,第一電業有限公司,否
豐澤牌,FWAC19M18,U2-C180066,2020,4,860,5.36,3.0994,R410A,不適用,—,—,—,屈臣氏零售(香港),否
豐澤牌,FWAC13M18,U2-C180065,2020,3,563,3.44,3.1561,R410A,不適用,—,—,—,屈臣氏零售(香港),否
小天鵝,SWH-18F3X1,U2-C180057,2020,4,860,5.36,3.0994,R410A,不適用,—,—,—,美的電器(香港)有限公司,否
小天鵝,SWH-12F3X1,U2-C180056,2020,3,563,3.44,3.1561,R410A,不適用,—,—,—,美的電器(香港)有限公司,否
小天鵝,SWH-09F3X1,U2-C180055,2020,4,423,2.57,3.0863,R410A,不適用,—,—,—,美的電器(香港)有限公司,否
小天鵝,SWH-07F3X1,U2-C180054,2020,4,343,2.18,3.1134,R410A,不適用,—,—,—,美的電器(香港)有限公司,否
豐澤牌,FWAC08M18,U2-C180052,2020,4,343,2.18,3.1134,R410A,不適用,—,—,—,屈臣氏零售(香港),否
樂信牌,RC-X9,U2-C180049,2020,4,428,2.70,3.1188,R410A,不適用,—,—,—,信興電工工程有限公司,否
樂信牌,RC-X7,U2-C180048,2020,4,360,2.17,3.0221,R410A,不適用,—,—,—,信興電工工程有限公司,否
伊萊克斯,EWN09CMC-D5,U2-C180037,2020,4,439,2.51,3.0392,R410A,不適用,—,—,—,大昌貿易行有限公司,否
伊萊克斯,EWN18CRC-D5,U2-C180027,2020,4,889,5.14,3.0129,R410A,不適用,—,—,—,大昌貿易行有限公司,否
伊萊克斯,EWN12CRC-D5,U2-C180026,2020,4,577,3.35,3.0632,R410A,不適用,—,—,—,大昌貿易行有限公司,否
伊萊克斯,EWN07CMC-D5,U2-C180025,2020,4,356,2.14,3.0531,R410A,不適用,—,—,—,大昌貿易行有限公司,否
伊萊克斯,EWN09CRC-D5,U2-C180020,2020,4,439,2.51,3.0392,R410a,不適用,—,—,—,大昌貿易行有限公司,否
伊萊克斯,EWN07CRC-D5,U2-C180019,2020,4,356,2.14,3.0531,R410a,不適用,—,—,—,大昌貿易行有限公司,否
RYOBISHI,RB-24MA,U2-C170304,2020,4,1064,6.61,3.1363,R410a,不適用,—,—,—,三菱電機,否
RYOBISHI,RB-18MA,U2-C170303,2020,4,889,5.14,3.0129,R410a,不適用,—,—,—,三菱電機,否
RYOBISHI,RB-12MA,U2-C170302,2020,4,577,3.35,3.0632,R410a,不適用,—,—,—,三菱電機,否
RYOBISHI,RB-09MA,U2-C170301,2020,4,428,2.70,3.1188,R410a,不適用,—,—,—,三菱電機,否
RYOBISHI,RB-07MA,U2-C170300,2020,4,360,2.17,3.0221,R410a,不適用,—,—,—,三菱電機,否
RYOBISHI,RB-24CA,U2-C170299,2020,4,1064,6.61,3.1363,R410a,不適用,—,—,—,三菱電機,否
RYOBISHI,RB-18CA,U2-C170298,2020,4,889,5.14,3.0129,R410a,不適用,—,—,—,三菱電機,否
RYOBISHI,RB-12CA,U2-C170297,2020,4,577,3.35,3.0632,R410a,不適用,—,—,—,三菱電機,否
RYOBISHI,RB-09CA,U2-C170296,2020,4,428,2.70,3.1188,R410a,不適用,—,—,—,三菱電機,否
RYOBISHI,RB-07CA,U2-C170295,2020,4,360,2.17,3.0221,R410a,不適用,—,—,—,三菱電機,否
肯特,TA-18EAE,U2-C170293,2020,4,860,5.36,3.0994,R410a,不適用,—,—,—,世紀開利家用空調有限公司,否
肯特,TA-12EAE,U2-C170292,2020,3,563,3.44,3.1561,R410a,不適用,—,—,—,世紀開利家用空調有限公司,否
肯特,TA-09EAE,U2-C170291,2020,4,423,2.57,3.0863,R410a,不適用,—,—,—,世紀開利家用空調有限公司,否
品牌,型號,參考編號,年份 (*),能源效益級別(製冷)(1 至 5),每年耗電量(製冷)(千瓦小時),製冷量(千瓦),製冷季節性表現系數 (CSPF),製冷劑,能源效益級別(供暖)(1 至 5),每年耗電量(供暖)(千瓦小時),供暖量(千瓦),供暖季節性表現系數 (HSPF),資料提供者,變頻
肯特,TA-07EAE,U2-C170290,2020,4,343,2.18,3.1134,R410a,不適用,—,—,—,世紀開利家用空調有限公司,否
開利,CHK23LNE,U2-C170289,2020,4,1087,6.71,3.1361,R410a,不適用,—,—,—,世紀開利家用空調有限公司,否
開利,CHK18LNE,U2-C170288,2020,4,860,5.36,3.0994,R410a,不適用,—,—,—,世紀開利家用空調有限公司,否
開利,CHK12LNE,U2-C170287,2020,3,563,3.44,3.1561,R410a,不適用,—,—,—,世紀開利家用空調有限公司,否
開利,CHK09LNE,U2-C170286,2020,4,423,2.57,3.0863,R410a,不適用,—,—,—,世紀開利家用空調有限公司,否
開利,CHK23ENE,U2-C170285,2020,4,1094,6.72,3.1161,R410a,不適用,—,—,—,世紀開利家用空調有限公司,否
開利,CHK18ENE,U2-C170284,2020,4,870,5.32,3.0671,R410a,不適用,—,—,—,世紀開利家用空調有限公司,否
開利,CHK12ENE,U2-C170283,2020,3,564,3.55,3.1512,R410a,不適用,—,—,—,世紀開利家用空調有限公司,否
開利,CHK07ENE,U2-C170282,2020,4,343,2.17,3.1129,R410a,不適用,—,—,—,世紀開利家用空調有限公司,否
開利,CHK09ENE,U2-C170277,2020,4,417,2.57,3.1258,R410a,不適用,—,—,—,世紀開利家用空調有限公司,否
開利,CHK07LNE,U2-C170276,2020,4,343,2.18,3.1134,R410a,不適用,—,—,—,世紀開利家用空調有限公司,否
美的,MWH-12CM3X1,U2-C170274,2020,3,563,3.44,3.1561,R410A,不適用,—,—,—,美的電器(香港)有限公司,否
美的,MWH-18CM3X1,U2-C170272,2020,4,860,5.36,3.0994,R410A,不適用,—,—,—,美的電器(香港)有限公司,否
美的,MWH-09CM3X1,U2-C170270,2020,4,423,2.57,3.0863,R410A,不適用,—,—,—,美的電器(香港)有限公司,否
美的,MWH-07CM3X1,U2-C170268,2020,4,343,2.18,3.1134,R410A,不適用,—,—,—,美的電器(香港)有限公司,否
格力,G1818VR,U2-C170263,2020,4,889,5.14,3.0129,R410A,不適用,—,—,—,太平家庭電器,否
格力,G1812VR,U2-C170262,2020,4,577,3.35,3.0632,R410A,不適用,—,—,—,太平家庭電器,否
格力,G1809VR,U2-C170261,2020,4,428,2.70,3.1188,R410A,不適用,—,—,—,太平家庭電器,否
格力,G1807VR,U2-C170260,2020,4,360,2.17,3.0221,R410A,不適用,—,—,—,太平家庭電器,否
格力,G1824VM,U2-C170259,2020,4,1064,6.61,3.1363,R410A,不適用,—,—,—,太平家庭電器,否
格力,G1818VM,U2-C170258,2020,4,889,5.14,3.0129,R410A,不適用,—,—,—,太平家庭電器,否
格力,G1812VM,U2-C170257,2020,4,577,3.35,3.0632,R410A,不適用,—,—,—,太平家庭電器,否
格力,G1809VM,U2-C170256,2020,4,428,2.70,3.1188,R410A,不適用,—,—,—,太平家庭電器,否
格力,G1807VM,U2-C170255,2020,4,360,2.17,3.0221,R410A,不適用,—,—,—,太平家庭電器,否
約克,YC-24GB-R,U2-C170118,2020,4,1064,6.61,3.1363,R410A,不適用,—,—,—,江森自控香港有限公司,否
約克,YC-24GB,U2-C170117,2020,4,1064,6.61,3.1363,R410A,不適用,—,—,—,江森自控香港有限公司,否
約克,YC-18GB-R,U2-C170116,2020,4,889,5.14,3.0129,R410A,不適用,—,—,—,江森自控香港有限公司,否
約克,YC-18GB,U2-C170115,2020,4,889,5.14,3.0129,R410A,不適用,—,—,—,江森自控香港有限公司,否
約克,YC-12GB-R,U2-C170114,2020,4,577,3.35,3.0632,R410A,不適用,—,—,—,江森自控香港有限公司,否
約克,YC-12GB,U2-C170113,2020,4,577,3.35,3.0632,R410A,不適用,—,—,—,江森自控香港有限公司,否
約克,YC-9GB-R,U2-C170112,2020,4,428,2.70,3.1188,R410a,不適用,—,—,—,江森自控香港有限公司,否
約克,YC-9GB,U2-C170111,2020,4,428,2.70,3.1188,R410A,不適用,—,—,—,江森自控香港有限公司,否
約克,YC-7GB-R,U2-C170110,2020,4,360,2.17,3.0221,R410A,不適用,—,—,—,江森自控香港有限公司,否
約克,YC-7GB,U2-C170109,2020,4,360,2.17,3.0221,R410A,不適用,—,—,—,江森自控香港有限公司,否
肯特,TA-18CRE,U2-C160453,2020,4,870,5.32,3.0671,R410A,不適用,—,—,—,世紀開利家用空調有限公司,否
肯特,TA-18CAE,U2-C160452,2020,4,860,5.36,3.0994,R410A,不適用,—,—,—,世紀開利家用空調有限公司,否
肯特,TA-12CRE,U2-C160451,2020,3,564,3.55,3.1512,R410A,不適用,—,—,—,世紀開利家用空調有限公司,否
肯特,TA-12CAE,U2-C160450,2020,3,563,3.44,3.1561,R410A,不適用,—,—,—,世紀開利家用空調有限公司,否
開利,CHK18LKE,U2-C160449,2020,4,860,5.36,3.0994,R410A,不適用,—,—,—,世紀開利家用空調有限公司,否
開利,CHK12LKE,U2-C160446,2020,3,563,3.44,3.1561,R410A,不適用,—,—,—,世紀開利家用空調有限公司,否
肯特,TA-09CRE,U2-C160441,2020,4,417,2.57,3.1258,R410A,不適用,—,—,—,世紀開利家用空調有限公司,否
肯特,TA-09CAE,U2-C160437,2020,4,423,2.57,3.0863,R410A,不適用,—,—,—,世紀開利家用空調有限公司,否
肯特,TA-07CRE,U2-C160436,2020,4,343,2.17,3.1129,R410A,不適用,—,—,—,世紀開利家用空調有限公司,否
肯特,TA-07CAE,U2-C160435,2020,4,343,2.18,3.1134,R410A,不適用,—,—,—,世紀開利家用空調有限公司,否
開利,CHK23LKE,U2-C160434,2020,4,1087,6.71,3.1361,R410A,不適用,—,—,—,世紀開利家用空調有限公司,否
開利,CHK09LKE,U2-C160432,2020,4,423,2.57,3.0863,R410A,不適用,—,—,—,世紀開利家用空調有限公司,否
開利,CHK07LKE,U2-C160430,2020,4,343,2.18,3.1134,R410A,不適用,—,—,—,世紀開利家用空調有限公司,否
奧瑪,GAC-W12R,U2-C160364,2020,4,577,3.35,3.0632,R410A,不適用,—,—,—,康富電器貿易有限公司,否
奧瑪,GAC-W09R,U2-C160363,2020,4,430,2.51,3.0295,R410A,不適用,—,—,—,康富電器貿易有限公司,否
奧瑪,GAC-W07R,U2-C160362,2020,4,342,2.14,3.0337,R410A,不適用,—,—,—,康富電器貿易有限公司,否
品牌,型號,參考編號,年份 (*),能源效益級別(製冷)(1 至 5),每年耗電量(製冷)(千瓦小時),製冷量(千瓦),製冷季節性表現系數 (CSPF),製冷劑,能源效益級別(供暖)(1 至 5),每年耗電量(供暖)(千瓦小時),供暖量(千瓦),供暖季節性表現系數 (HSPF),資料提供者,變頻
奧瑪,GAC-W18,U2-C160361,2020,4,889,5.14,3.0129,R410A,不適用,—,—,—,康富電器貿易有限公司,否
奧瑪,GAC-W12,U2-C160360,2020,4,577,3.35,3.0632,R410A,不適用,—,—,—,康富電器貿易有限公司,否
奧瑪,GAC-W09,U2-C160359,2020,4,430,2.51,3.0295,R410A,不適用,—,—,—,康富電器貿易有限公司,否
奧瑪,GAC-W07,U2-C160358,2020,4,342,2.14,3.0337,R410A,不適用,—,—,—,康富電器貿易有限公司,否
富士電機,RFA18FNTN,U2-C160293,2020,4,850,5.21,3.0323,R410A,不適用,—,—,—,第一電業有限公司,否
卓爾,WAC-S1206R,U2-C160270,2020,4,577,3.35,3.0632,R410A,不適用,—,—,—,康富電器貿易有限公司,否
卓爾,WAC-S906R,U2-C160269,2020,4,430,2.51,3.0295,R410A,不適用,—,—,—,康富電器貿易有限公司,否
卓爾,WAC-S706R,U2-C160268,2020,4,342,2.14,3.0337,R410A,不適用,—,—,—,康富電器貿易有限公司,否
卓爾,WAC-S1805,U2-C160267,2020,4,889,5.14,3.0129,R410A,不適用,—,—,—,康富電器貿易有限公司,否
卓爾,WAC-S1205,U2-C160266,2020,4,577,3.35,3.0632,R410A,不適用,—,—,—,康富電器貿易有限公司,否
卓爾,WAC-S905,U2-C160265,2020,4,430,2.51,3.0295,R410A,不適用,—,—,—,康富電器貿易有限公司,否
卓爾,WAC-S705,U2-C160264,2020,4,342,2.14,3.0337,R410A,不適用,—,—,—,康富電器貿易有限公司,否
快意寶,W126R-PAC,U2-C160263,2020,4,577,3.35,3.0632,R410A,不適用,—,—,—,康富電器貿易有限公司,否
快意寶,W096R-PAC,U2-C160262,2020,4,430,2.51,3.0295,R410A,不適用,—,—,—,康富電器貿易有限公司,否
快意寶,W076R-PAC,U2-C160261,2020,4,342,2.14,3.0337,R410A,不適用,—,—,—,康富電器貿易有限公司,否
快意寶,W185-PAC,U2-C160260,2020,4,889,5.14,3.0129,R410A,不適用,—,—,—,康富電器貿易有限公司,否
快意寶,W125-PAC,U2-C160259,2020,4,577,3.35,3.0632,R410A,不適用,—,—,—,康富電器貿易有限公司,否
快意寶,W095-PAC,U2-C160258,2020,4,430,2.51,3.0295,R410A,不適用,—,—,—,康富電器貿易有限公司,否
快意寶,W075-PAC,U2-C160257,2020,4,342,2.14,3.0337,R410A,不適用,—,—,—,康富電器貿易有限公司,否
BNO,ACR-B112,U2-C160256,2020,4,577,3.35,3.0632,R410A,不適用,—,—,—,康富電器貿易有限公司,否
BNO,ACR-B109,U2-C160255,2020,4,430,2.51,3.0295,R410A,不適用,—,—,—,康富電器貿易有限公司,否
BNO,ACR-B107,U2-C160254,2020,4,342,2.14,3.0337,R410A,不適用,—,—,—,康富電器貿易有限公司,否
BNO,AC-B18,U2-C160253,2020,4,889,5.14,3.0129,R410A,不適用,—,—,—,康富電器貿易有限公司,否
BNO,AC-B12,U2-C160252,2020,4,577,3.35,3.0632,R410A,不適用,—,—,—,康富電器貿易有限公司,否
BNO,AC-B09,U2-C160251,2020,4,430,2.51,3.0295,R410A,不適用,—,—,—,康富電器貿易有限公司,否
BNO,AC-B07,U2-C160250,2020,4,342,2.14,3.0337,R410A,不適用,—,—,—,康富電器貿易有限公司,否
小天鵝,SWH-24F3U1,U2-C160217,2020,4,1107,6.75,3.1438,R410A,不適用,—,—,—,美的電器(香港)有限公司,否
美的,MWH-24CM3U1,U2-C160215,2020,4,1107,6.75,3.1438,R410A,不適用,—,—,—,美的電器(香港)有限公司,否
White-Westinghouse,WWN18CRA-D3,U2-C150276,2020,4,864,5.12,3.0857,R410A,不適用,—,—,—,威榮電業有限公司,否
White-Westinghouse,WWN12CRA-D3,U2-C150275,2020,3,564,3.41,3.1534,R410A,不適用,—,—,—,威榮電業有限公司,否
White-Westinghouse,WWN09CRA-D3,U2-C150274,2020,4,433,2.60,3.0777,R410A,不適用,—,—,—,威榮電業有限公司,否
White-Westinghouse,WWN07CRA-D3,U2-C150273,2020,3,328,2.05,3.1661,R410A,不適用,—,—,—,威榮電業有限公司,否
White-Westinghouse,WWN18CMA-D3,U2-C150272,2020,4,865,5.16,3.0806,R410A,不適用,—,—,—,威榮電業有限公司,否
White-Westinghouse,WWN12CMA-D3,U2-C150271,2020,3,554,3.43,3.2109,R410A,不適用,—,—,—,威榮電業有限公司,否
White-Westinghouse,WWN09CMA-D3,U2-C150270,2020,4,430,2.57,3.1035,R410A,不適用,—,—,—,威榮電業有限公司,否
White-Westinghouse,WWN07CMA-D3,U2-C150269,2020,4,334,2.01,3.1038,R410A,不適用,—,—,—,威榮電業有限公司,否
美的,MWH-18CR3U1,U2-C150244,2020,4,864,5.12,3.0857,R410A,不適用,—,—,—,美的電器(香港)有限公司,否
美的,MWH-12CR3U1,U2-C150243,2020,3,564,3.41,3.1534,R410A,不適用,—,—,—,美的電器(香港)有限公司,否
美的,MWH-09CR3U1,U2-C150242,2020,4,433,2.60,3.0777,R410A,不適用,—,—,—,美的電器(香港)有限公司,否
美的,MWH-07CR3U1,U2-C150241,2020,3,328,2.05,3.1661,R410A,不適用,—,—,—,美的電器(香港)有限公司,否
珍寶,AFWA17FAT,U2-C090301,2020,5,928,4.72,2.6131,R410A,不適用,—,—,—,第一電業有限公司,否
美的,MS-12HRF8E,U1-C260231,2026,1,349,3.50,5.0658,R32,1,35,3.81,4.4908,東芝香港有限公司,是
美的,MS-09HRF8E,U1-C260230,2026,1,245,2.70,5.3578,R32,1,25,2.83,4.8699,東芝香港有限公司,是
TCL,TAC-BR18CSV/TA,U1-C260213,2026,1,582,5.48,4.6925,R32,不適用,—,—,—,TCL Global Marketing,是
TCL,TAC-BR12CSV/TA,U1-C260212,2026,1,396,3.57,4.5623,R32,不適用,—,—,—,TCL Global Marketing,是
TCL,TAC-BR09CSV/TA,U1-C260211,2026,1,277,2.74,5.0018,R32,不適用,—,—,—,TCL Global Marketing,是
MECAN,MCH024WMIPN/MCH024WMOPN,U1-C260210,2026,1,627,7.05,5.6888,R32,1,71,7.58,4.6241,美佳冷氣（香港）有限公司,是
MECAN,MCH024WMIP/MCH024WMOP,U1-C260209,2026,1,627,7.05,5.6888,R32,1,70,7.34,4.6204,美佳冷氣（香港）有限公司,是
MECAN,MCH018WMIP/MCH018WMOP,U1-C260201,2026,1,457,5.14,5.6448,R32,1,49,5.23,4.4549,美佳冷氣（香港）有限公司,是
MECAN,MCH009WMIP/MCH009WMOP,U1-C260200,2026,1,213,2.71,6.2767,R32,1,29,3.43,4.9403,美佳冷氣（香港）有限公司,是
品牌,型號,參考編號,年份 (*),能源效益級別(製冷)(1 至 5),每年耗電量(製冷)(千瓦小時),製冷量(千瓦),製冷季節性表現系數 (CSPF),製冷劑,能源效益級別(供暖)(1 至 5),每年耗電量(供暖)(千瓦小時),供暖量(千瓦),供暖季節性表現系數 (HSPF),資料提供者,變頻
MECAN,MCH012WMIP/MCH012WMOP,U1-C260199,2026,1,349,4.07,5.9358,R32,1,35,4.22,5.2981,美佳冷氣（香港）有限公司,是
格力,GEC63ZE/GEC63ZC,U1-C260196,2026,1,696,6.95,5.1088,R32,不適用,—,—,—,太平家庭電器,是
格力,GEC53ZE/GEC53ZC,U1-C260195,2026,1,482,5.60,5.5299,R32,不適用,—,—,—,太平家庭電器,是
格力,GEC35ZE/GEC35ZC,U1-C260194,2026,1,359,3.61,4.9965,R32,不適用,—,—,—,太平家庭電器,是
格力,GEC26ZE/GEC26ZC,U1-C260193,2026,1,270,2.67,4.9415,R32,不適用,—,—,—,太平家庭電器,是
MECAN,MC024WMIP/MC024WMOP,U1-C260192,2026,1,682,6.72,4.7644,R32,不適用,—,—,—,美佳冷氣（香港）有限公司,是
MECAN,MC018WMIP/MC018WMOP,U1-C260191,2026,1,575,5.48,4.6874,R32,不適用,—,—,—,美佳冷氣（香港）有限公司,是
MECAN,MC012WMIP/MC012WMOP,U1-C260190,2026,1,347,3.44,4.8794,R32,不適用,—,—,—,美佳冷氣（香港）有限公司,是
MECAN,MC009WMIP/MC009WMOP,U1-C260189,2026,1,258,2.64,5.2415,R32,不適用,—,—,—,美佳冷氣（香港）有限公司,是
mijia,ASH-12WO/N2C2-HK,U1-C260188,2026,1,344,3.52,5.2189,R32,1,31,3.62,5.0040,小米,是
mijia,ASH-09WO/N2C2-HK,U1-C260187,2026,1,248,2.75,5.6133,R32,1,31,3.64,4.9592,小米,是
白河馬,WHS24MC/WHO24MC,U1-C260186,2026,1,735,7.20,4.8176,R32,不適用,—,—,—,白河馬企業有限公司,是
白河馬,WHS18MC/WHO18MC,U1-C260185,2026,1,534,5.55,5.0193,R32,不適用,—,—,—,白河馬企業有限公司,是
白河馬,WHS12MC/WHO12MC,U1-C260184,2026,1,361,3.62,4.9058,R32,不適用,—,—,—,白河馬企業有限公司,是
白河馬,WHS09MC/WHO09MC,U1-C260183,2026,1,256,2.64,5.1276,R32,不適用,—,—,—,白河馬企業有限公司,是
海迅,HQS024KBB/HQS024KBBA,U1-C260182,2026,1,625,6.61,5.2623,R32,1,62,6.86,4.7707,捷迅冷氣水電工程有限公司,是
海迅,HQS018KBB/HQS018KBBA,U1-C260181,2026,1,543,5.39,4.9310,R32,1,56,5.73,4.3298,捷迅冷氣水電工程有限公司,是
海迅,HQS012KBB/HQS012KBBA,U1-C260180,2026,1,339,3.57,5.2147,R32,1,33,3.89,4.9793,捷迅冷氣水電工程有限公司,是
海迅,HQS009KBB/HQS009KBBA,U1-C260179,2026,1,248,2.68,5.3033,R32,1,27,3.13,4.8222,捷迅冷氣水電工程有限公司,是
肯特,TA-HGQ22VW/TA-HGQ22VC,U1-C260178,2026,1,625,6.61,5.2623,R32,1,62,6.86,4.7707,世紀開利家用空調有限公司,是
開利,42HMC12VW/36HMC12VC,U1-C260177,2026,1,361,3.62,4.9058,R32,不適用,—,—,—,世紀開利家用空調有限公司,是
奧克斯,ASW-24G3/CAR3,U1-C260176,2026,1,689,7.29,5.2096,R32,不適用,—,—,—,壹方環球有限公司,是
奧克斯,ASW-24G2/CDR3,U1-C260175,2026,1,632,6.97,5.6980,R32,不適用,—,—,—,壹方環球有限公司,是
奧克斯,ASW-18E4/CDR3,U1-C260174,2026,1,487,5.34,5.7459,R32,不適用,—,—,—,壹方環球有限公司,是
奧克斯,ASW-18E3/CAR3,U1-C260173,2026,1,543,5.35,4.9319,R32,不適用,—,—,—,壹方環球有限公司,是
奧克斯,ASW-09B6/CDR3,U1-C260172,2026,1,215,2.81,6.5954,R32,不適用,—,—,—,壹方環球有限公司,是
肯特,TA-HGQ18VW/TA-HGQ18VC,U1-C260171,2026,1,543,5.39,4.9310,R32,1,56,5.73,4.3298,世紀開利家用空調有限公司,是
肯特,TA-HGQ12VW/TA-HGQ12VC,U1-C260170,2026,1,339,3.57,5.2147,R32,1,33,3.89,4.9793,世紀開利家用空調有限公司,是
肯特,TA-HGC22VW/TA-HGC22VC,U1-C260169,2026,1,665,6.53,4.9406,R32,不適用,—,—,—,世紀開利家用空調有限公司,是
肯特,TA-HGC18VW/TA-HGC18VC,U1-C260168,2026,1,536,5.27,4.9010,R32,不適用,—,—,—,世紀開利家用空調有限公司,是
肯特,TA-HGC12VW/TA-HGC12VC,U1-C260167,2026,1,361,3.62,4.9058,R32,不適用,—,—,—,世紀開利家用空調有限公司,是
肯特,TA-HGC09VW/TA-HGC09VC,U1-C260166,2026,1,276,2.66,4.7685,R32,不適用,—,—,—,世紀開利家用空調有限公司,是
PHILIPS,FAC24CD-Cb5KBA1H,U1-C260165,2026,1,742,7.36,4.8299,R32,不適用,—,—,—,威榮電業有限公司,是
PHILIPS,FAC18CD-Cb5KBA1H,U1-C260164,2026,1,497,5.15,5.3656,R32,不適用,—,—,—,威榮電業有限公司,是
肯特,TA-HGQ09VW/TA-HGQ09VC,U1-C260163,2026,1,248,2.68,5.3033,R32,1,27,3.13,4.8222,世紀開利家用空調有限公司,是
開利,42HMQ22VW/36HMQ22VC,U1-C260162,2026,1,625,6.61,5.2623,R32,1,62,6.86,4.7707,世紀開利家用空調有限公司,是
開利,42HMQ18VW/36HMQ18VC,U1-C260161,2026,1,543,5.39,4.9310,R32,1,56,5.73,4.3298,世紀開利家用空調有限公司,是
開利,42HMQ12VW/36HMQ12VC,U1-C260160,2026,1,339,3.57,5.2147,R32,1,33,3.89,4.9793,世紀開利家用空調有限公司,是
開利,42HMQ09VW/36HMQ09VC,U1-C260159,2026,1,248,2.68,5.3033,R32,1,27,3.13,4.8222,世紀開利家用空調有限公司,是
開利,42HMC22VW/36HMC22VC,U1-C260158,2026,1,665,6.53,4.9406,R32,不適用,—,—,—,世紀開利家用空調有限公司,是
開利,42HMC18VW/36HMC18VC,U1-C260157,2026,1,536,5.27,4.9010,R32,不適用,—,—,—,世紀開利家用空調有限公司,是
開利,42HMC09VW/36HMC09VC,U1-C260156,2026,1,276,2.66,4.7685,R32,不適用,—,—,—,世紀開利家用空調有限公司,是
PHILIPS,FAC12CB-Cb5KBA2H,U1-C260151,2026,1,360,3.50,5.0589,R32,不適用,—,—,—,威榮電業有限公司,是
PHILIPS,FAC09CB-Cb5KBA4H,U1-C260150,2026,1,289,2.77,4.9903,R32,不適用,—,—,—,威榮電業有限公司,是
快意寶,S1820-PAC,U1-C260147,2026,2,767,5.61,3.6264,R32,不適用,—,—,—,康富電器貿易有限公司,否
快意寶,S1220-PAC,U1-C260146,2026,2,495,3.65,3.6598,R32,不適用,—,—,—,康富電器貿易有限公司,否
快意寶,S920-PAC,U1-C260145,2026,2,382,2.75,3.5753,R32,不適用,—,—,—,康富電器貿易有限公司,否
奧克斯,ASW-12C8/CDR3,U1-C260139,2026,1,309,3.40,5.8503,R32,不適用,—,—,—,壹方環球有限公司,是
奧克斯,ASW-12C5/CAR3,U1-C260138,2026,1,385,3.46,4.6992,R32,不適用,—,—,—,壹方環球有限公司,是
奧克斯,ASW-09B6/CAR3,U1-C260137,2026,1,291,2.70,4.8040,R32,不適用,—,—,—,壹方環球有限公司,是
品牌,型號,參考編號,年份 (*),能源效益級別(製冷)(1 至 5),每年耗電量(製冷)(千瓦小時),製冷量(千瓦),製冷季節性表現系數 (CSPF),製冷劑,能源效益級別(供暖)(1 至 5),每年耗電量(供暖)(千瓦小時),供暖量(千瓦),供暖季節性表現系數 (HSPF),資料提供者,變頻
奧克斯,ASW-H18E4/CAR3,U1-C260136,2026,1,539,5.22,4.9888,R32,1,50,5.43,4.7211,壹方環球有限公司,是
奧克斯,ASW-H09C5/CAR3,U1-C260135,2026,1,264,2.55,5.0982,R32,1,28,2.80,4.4111,壹方環球有限公司,是
晶弘,KHCSIIC24A1/KHCSOIC24A1,U1-C260121,2026,1,696,6.95,5.1088,R32,不適用,—,—,—,香港格力電器工程設備有限公司,是
晶弘,KHCSIIC18A1/KHCSOIC18A1,U1-C260120,2026,1,482,5.60,5.5299,R32,不適用,—,—,—,香港格力電器工程設備有限公司,是
晶弘,KHCSIIC12A1/KHCSOIC12A1,U1-C260119,2026,1,359,3.61,4.9965,R32,不適用,—,—,—,香港格力電器工程設備有限公司,是
晶弘,KHCSIIC09A1/KHCSOIC09A1,U1-C260118,2026,1,270,2.67,4.9415,R32,不適用,—,—,—,香港格力電器工程設備有限公司,是
約克,YJJF24XETBFM-RX/YJJF24YE,U1-C260117,2026,1,646,6.21,5.0112,R32,不適用,—,—,—,博世舒適科技香港貿易有限公司,是
約克,YJJF18XETBFM-RX/YJJF18YE,U1-C260116,2026,1,489,5.39,5.4821,R32,不適用,—,—,—,博世舒適科技香港貿易有限公司,是
約克,YJJF12XETBFM-RX/YJJF12YE,U1-C260115,2026,1,345,3.48,5.1212,R32,不適用,—,—,—,博世舒適科技香港貿易有限公司,是
約克,YJJF09XETBFM-RX/YJJF09YE,U1-C260114,2026,1,244,2.83,5.3802,R32,不適用,—,—,—,博世舒適科技香港貿易有限公司,是
三菱電機,MSZ-AP71VG / MUZ-AP71VG,U1-C260113,2026,1,648,6.99,5.4632,R32,1,69,7.90,4.9544,三菱電機,是
三菱電機,MSZ-AP60VG / MUZ-AP60VG,U1-C260112,2026,1,531,5.97,5.6884,R32,1,62,6.86,4.8194,三菱電機,是
三菱電機,MSZ-AP50VG / MUZ-AP50VG,U1-C260111,2026,1,432,4.98,5.8263,R32,1,54,5.88,4.6971,三菱電機,是
三菱電機,MSZ-AP35VG / MUZ-AP35VG,U1-C260110,2026,1,274,3.43,6.3537,R32,1,28,3.68,5.6279,三菱電機,是
三菱電機,MSZ-AP25VG / MUZ-AP25VG,U1-C260109,2026,1,202,2.65,6.5851,R32,1,25,3.16,5.4879,三菱電機,是
聲寶,AH-XP18DMA/AU-X18DMA,U1-C260103,2026,1,559,5.19,4.7768,R32,不適用,—,—,—,大昌行電器有限公司,是
聲寶,AH-XP13DMA/AU-X13DMA,U1-C260102,2026,1,364,3.44,4.8933,R32,不適用,—,—,—,大昌行電器有限公司,是
聲寶,AH-XP10DMA/AU-X10DMA,U1-C260101,2026,1,275,2.59,4.8577,R32,不適用,—,—,—,大昌行電器有限公司,是
樂信牌,RS-TS24R/RU-TS24R,U1-C260082,2026,1,735,7.20,4.8176,R32,不適用,—,—,—,信興電工工程有限公司,是
樂信牌,RS-TS18R/RU-TS18R,U1-C260081,2026,1,534,5.55,5.0193,R32,不適用,—,—,—,信興電工工程有限公司,是
樂信牌,RS-TS12R/RU-TS12R,U1-C260080,2026,1,361,3.62,4.9058,R32,不適用,—,—,—,信興電工工程有限公司,是
樂信牌,RS-TS9R/RU-TS9R,U1-C260079,2026,1,256,2.64,5.1276,R32,不適用,—,—,—,信興電工工程有限公司,是
東芝,RAS-B18B2KVG-HK,U1-C260075,2026,1,473,4.96,5.3451,R32,1,53,5.45,4.3995,開利(香港)有限公司,是
東芝,RAS-B24B2KCVG-HK,U1-C260072,2026,1,664,7.32,5.6376,R32,不適用,—,—,—,開利(香港)有限公司,是
東芝,RAS-B18B2KCVG-HK,U1-C260071,2026,1,539,5.25,4.9738,R32,不適用,—,—,—,開利(香港)有限公司,是
東芝,RAS-B10B2KCVG-HK,U1-C260070,2026,1,247,2.74,5.5264,R32,不適用,—,—,—,開利(香港)有限公司,是
Panasonic,CS-U18CWA/CU-U18CWA,U1-C260069,2026,1,512,5.32,5.2444,R32,不適用,—,—,—,信興電器貿易有限公司,是
Panasonic,CS-U12CWA/CU-U12CWA,U1-C260068,2026,1,342,3.53,5.2037,R32,不適用,—,—,—,信興電器貿易有限公司,是
Panasonic,CS-U9CWA/CU-U9CWA,U1-C260067,2026,1,264,2.65,5.0690,R32,不適用,—,—,—,信興電器貿易有限公司,是
開利,42HAC18VWB/36HAC18VC,U1-C260066,2026,1,534,5.55,5.0193,R32,不適用,—,—,—,世紀開利家用空調有限公司,是
開利,42HAC24VWB/36HAC24VC,U1-C260065,2026,1,735,7.20,4.8176,R32,不適用,—,—,—,世紀開利家用空調有限公司,是
開利,42HAC12VWB/36HAC12VC,U1-C260064,2026,1,361,3.62,4.9058,R32,不適用,—,—,—,世紀開利家用空調有限公司,是
開利,42HAC09VWB/36HAC09VC,U1-C260063,2026,1,256,2.64,5.1276,R32,不適用,—,—,—,世紀開利家用空調有限公司,是
樂信牌,RS-U18CW/RU-U18CW,U1-C260062,2026,1,512,5.32,5.2444,R32,不適用,—,—,—,信興電工工程有限公司,是
樂信牌,RS-U12CW/RU-U12CW,U1-C260061,2026,1,342,3.53,5.2037,R32,不適用,—,—,—,信興電工工程有限公司,是
樂信牌,RS-U9CW/RU-U9CW,U1-C260060,2026,1,264,2.65,5.0690,R32,不適用,—,—,—,信興電工工程有限公司,是
東芝,RAS-B24B2KVG-HK,U1-C260054,2026,1,694,7.06,5.1752,R32,1,73,7.97,4.7806,開利(香港)有限公司,是
東芝,RAS-B22B2KVG-HK,U1-C260053,2026,1,532,6.11,5.7011,R32,1,70,7.60,4.6751,開利(香港)有限公司,是
海迅,HS024KBB,U1-C260045,2026,1,735,7.20,4.8176,R32,不適用,—,—,—,捷迅冷氣水電工程有限公司,是
海迅,HS018KBB,U1-C260044,2026,1,534,5.55,5.0193,R32,不適用,—,—,—,捷迅冷氣水電工程有限公司,是
海迅,HS012KBB,U1-C260043,2026,1,361,3.62,4.9058,R32,不適用,—,—,—,捷迅冷氣水電工程有限公司,是
海迅,HS009KBB,U1-C260042,2026,1,256,2.64,5.1276,R32,不適用,—,—,—,捷迅冷氣水電工程有限公司,是
豐澤牌,FSAV12MI26,U1-C260024,2026,1,361,3.62,4.9058,R32,不適用,—,—,—,屈臣氏零售(香港),是
東芝,RAS-B22B2KCVG-HK,U1-C260006,2026,1,513,6.29,5.9148,R32,不適用,—,—,—,開利(香港)有限公司,是
東芝,RAS-B13B2KCVG-HK,U1-C260005,2026,1,352,3.63,5.1760,R32,不適用,—,—,—,開利(香港)有限公司,是
豐澤牌,FSAV18MI26,U1-C260004,2026,1,534,5.55,5.0193,R32,不適用,—,—,—,屈臣氏零售(香港),是
豐澤牌,FSAV09MI26,U1-C260003,2026,1,256,2.64,5.1276,R32,不適用,—,—,—,屈臣氏零售(香港),是
東芝,RAS-B13B2KVG-HK,U1-C260002,2026,1,337,3.53,5.2460,R32,1,37,4.10,4.7813,開利(香港)有限公司,是
東芝,RAS-B10B2KVG-HK,U1-C260001,2026,1,261,2.52,4.8489,R32,1,29,3.28,4.8348,開利(香港)有限公司,是
格力,GIMH12UZE/GIMH12UZC,U1-C250363,2025,1,358,3.24,4.5161,R32,1,34,3.29,4.0911,太平家庭電器,是
品牌,型號,參考編號,年份 (*),能源效益級別(製冷)(1 至 5),每年耗電量(製冷)(千瓦小時),製冷量(千瓦),製冷季節性表現系數 (CSPF),製冷劑,能源效益級別(供暖)(1 至 5),每年耗電量(供暖)(千瓦小時),供暖量(千瓦),供暖季節性表現系數 (HSPF),資料提供者,變頻
格力,GIMH09UZE/GIMH09UZC,U1-C250362,2025,1,280,2.78,4.6994,R32,1,28,2.83,4.2192,太平家庭電器,是
格力,GIMC12UZE/GIMC12UZC,U1-C250361,2025,1,339,3.30,4.7749,R32,不適用,—,—,—,太平家庭電器,是
格力,GIMC09UZE/GIMC09UZC,U1-C250360,2025,1,262,2.75,5.0229,R32,不適用,—,—,—,太平家庭電器,是
東芝,RAS-B24B2KVG(HK),U1-C250359,2025,1,694,7.06,5.1752,R32,1,73,7.97,4.7806,東芝香港有限公司,是
東芝,RAS-B22B2KVG(HK),U1-C250358,2025,1,532,6.11,5.7011,R32,1,70,7.60,4.6751,東芝香港有限公司,是
東芝,RAS-B13B2KVG(HK),U1-C250357,2025,1,337,3.53,5.2460,R32,1,37,4.10,4.7813,東芝香港有限公司,是
東芝,RAS-B22B2KCVG(HK),U1-C250356,2025,1,513,6.29,5.9148,R32,不適用,—,—,—,東芝香港有限公司,是
東芝,RAS-B10B2KVG(HK),U1-C250354,2025,1,261,2.52,4.8489,R32,1,29,3.28,4.8348,東芝香港有限公司,是
東芝,RAS-B18B2KCVG(HK),U1-C250353,2025,1,539,5.25,4.9738,R32,不適用,—,—,—,東芝香港有限公司,是
東芝,RAS-B24B2KCVG(HK),U1-C250352,2025,1,664,7.32,5.6376,R32,不適用,—,—,—,東芝香港有限公司,是
東芝,RAS-B13B2KCVG(HK),U1-C250351,2025,1,352,3.63,5.1760,R32,不適用,—,—,—,東芝香港有限公司,是
東芝,RAS-B10B2KCVG(HK),U1-C250350,2025,1,247,2.74,5.5264,R32,不適用,—,—,—,東芝香港有限公司,是
東芝,RAS-B18B2KVG(HK),U1-C250349,2025,1,480,4.96,5.2640,R32,1,53,5.45,4.3995,東芝香港有限公司,是
開利,42HAC24VW/36HAC24VC,U1-C250340,2025,1,735,7.20,4.8176,R32,不適用,—,—,—,世紀開利家用空調有限公司,是
開利,42HAC24VF/36HAC24VC,U1-C250339,2025,1,735,7.20,4.8176,R32,不適用,—,—,—,世紀開利家用空調有限公司,是
開利,42HAC18VW/36HAC18VC,U1-C250338,2025,1,534,5.55,5.0193,R32,不適用,—,—,—,世紀開利家用空調有限公司,是
開利,42HAC18VF/36HAC18VC,U1-C250337,2025,1,534,5.55,5.0193,R32,不適用,—,—,—,世紀開利家用空調有限公司,是
開利,42HAC12VW/36HAC12VC,U1-C250336,2025,1,361,3.62,4.9058,R32,不適用,—,—,—,世紀開利家用空調有限公司,是
開利,42HAC12VF/36HAC12VC,U1-C250335,2025,1,361,3.62,4.9058,R32,不適用,—,—,—,世紀開利家用空調有限公司,是
MECAN,MC24PGI/MC24PGO,U1-C250334,2025,1,754,7.14,4.6908,R32,不適用,—,—,—,美佳冷氣（香港）有限公司,是
MECAN,MC18PGI/MC18PGO,U1-C250333,2025,1,547,5.36,4.9016,R32,不適用,—,—,—,美佳冷氣（香港）有限公司,是
MECAN,MC12PGI/MC12PGO,U1-C250332,2025,1,366,3.48,4.8339,R32,不適用,—,—,—,美佳冷氣（香港）有限公司,是
MECAN,MC09PGI/MC09PGO,U1-C250331,2025,1,256,2.62,5.1447,R32,不適用,—,—,—,美佳冷氣（香港）有限公司,是
開利,42HAC09VW/36HAC09VC,U1-C250329,2025,1,256,2.64,5.1276,R32,不適用,—,—,—,世紀開利家用空調有限公司,是
開利,42HAC09VF/36HAC09VC,U1-C250328,2025,1,256,2.64,5.1276,R32,不適用,—,—,—,世紀開利家用空調有限公司,是
珍寶,ASWX18KECA / AOWX18KETA,U1-C250317,2025,1,509,5.53,5.2679,R32,1,45,5.27,5.1345,第一電業有限公司,是
珍寶,ASWX12KECA / AOWX12KETA,U1-C250316,2025,1,321,3.24,5.0445,R32,1,33,3.52,4.6501,第一電業有限公司,是
珍寶,ASWX09KECA / AOWX09KETA,U1-C250315,2025,1,248,2.73,5.3920,R32,1,29,3.10,4.7967,第一電業有限公司,是
珍寶,ASWX18CECA / AOWX18CETA,U1-C250314,2025,1,494,5.60,5.4296,R32,不適用,—,—,—,第一電業有限公司,是
珍寶,ASWX12CECA / AOWX12CETA,U1-C250313,2025,1,318,3.29,5.0802,R32,不適用,—,—,—,第一電業有限公司,是
珍寶,ASWX09CECA / AOWX09CETA,U1-C250312,2025,1,248,2.70,5.4102,R32,不適用,—,—,—,第一電業有限公司,是
日立牌,RAK-XH18HDK/RAC-XH18HDK,U1-C250307,2025,1,567,5.54,4.7252,R32,1,43,4.75,4.5264,阿奇立克日立家電(香港)有限公司,是
日立牌,RAK-XH12HDK/RAC-XH12HDK,U1-C250306,2025,1,316,3.26,5.1602,R32,1,40,4.23,4.5526,阿奇立克日立家電(香港)有限公司,是
日立牌,RAK-XH09HDK/RAC-XH09HDK,U1-C250305,2025,1,235,2.49,5.3740,R32,1,30,3.24,4.6979,阿奇立克日立家電(香港)有限公司,是
卓爾,SAC-S18K23V,U1-C250304,2025,1,482,5.60,5.5299,R32,不適用,—,—,—,康富電器貿易有限公司,是
卓爾,SAC-S12K23V,U1-C250303,2025,1,359,3.61,4.9965,R32,不適用,—,—,—,康富電器貿易有限公司,是
卓爾,SAC-S9K23V,U1-C250302,2025,1,270,2.67,4.9415,R32,不適用,—,—,—,康富電器貿易有限公司,是
卓爾,SAC-S18K20,U1-C250301,2025,2,767,5.61,3.6264,R32,不適用,—,—,—,康富電器貿易有限公司,否
卓爾,SAC-S12K20,U1-C250300,2025,2,495,3.65,3.6598,R32,不適用,—,—,—,康富電器貿易有限公司,否
卓爾,SAC-S9K20,U1-C250299,2025,2,382,2.75,3.5753,R32,不適用,—,—,—,康富電器貿易有限公司,否
MBO,MS-18VCMA-HK,U1-C250298,2025,1,546,5.26,4.8993,R32,不適用,—,—,—,千益集團,是
MBO,MS-12VCMA-HK,U1-C250297,2025,1,387,3.62,4.7497,R32,不適用,—,—,—,千益集團,是
MBO,MS-09VCMA-HK,U1-C250296,2025,1,270,2.64,4.9272,R32,不適用,—,—,—,千益集團,是
大松,S24VC200N / S24VC200U,U1-C250295,2025,1,696,6.95,5.1088,R32,不適用,—,—,—,宏俊有限公司,是
大松,S18VC200N / S18VC200U,U1-C250294,2025,1,482,5.60,5.5299,R32,不適用,—,—,—,宏俊有限公司,是
大松,S12VC200N / S12VC200U,U1-C250293,2025,1,359,3.61,4.9965,R32,不適用,—,—,—,宏俊有限公司,是
大松,S09VC200N / S09VC200U,U1-C250292,2025,1,270,2.67,4.9415,R32,不適用,—,—,—,宏俊有限公司,是
大松,S24C5AN / S24C5AU,U1-C250291,2025,2,972,7.36,3.7438,R32,不適用,—,—,—,宏俊有限公司,否
大松,S18C5AN / S18C5AU,U1-C250290,2025,2,767,5.61,3.6264,R32,不適用,—,—,—,宏俊有限公司,否
大松,S12C5AN / S12C5AU,U1-C250289,2025,2,495,3.65,3.6590,R32,不適用,—,—,—,宏俊有限公司,否
品牌,型號,參考編號,年份 (*),能源效益級別(製冷)(1 至 5),每年耗電量(製冷)(千瓦小時),製冷量(千瓦),製冷季節性表現系數 (CSPF),製冷劑,能源效益級別(供暖)(1 至 5),每年耗電量(供暖)(千瓦小時),供暖量(千瓦),供暖季節性表現系數 (HSPF),資料提供者,變頻
大松,S09C5AN / S09C5AU,U1-C250288,2025,2,382,2.75,3.5753,R32,不適用,—,—,—,宏俊有限公司,否
麥克維爾,M3WMY25A/M3LCY25A,U1-C250287,2025,1,631,6.46,5.2037,R32,不適用,—,—,—,麥克維爾,是
麥克維爾,M3WMY20A/M3LCY20A,U1-C250286,2025,1,549,4.74,4.5817,R32,不適用,—,—,—,麥克維爾,是
麥克維爾,M3WMY15A/M3LCY15A,U1-C250285,2025,1,372,3.48,4.9336,R32,不適用,—,—,—,麥克維爾,是
麥克維爾,M3WMY10A/M3LCY10A,U1-C250284,2025,1,284,2.58,4.7011,R32,不適用,—,—,—,麥克維爾,是
格力,GIC24UZE/GIC24UZC,U1-C250283,2025,1,696,6.95,5.1088,R32,不適用,—,—,—,太平家庭電器,是
三菱重工,SRK24YYSH-WF/SRC24YYSH-W,U1-C250282,2025,1,548,7.47,6.5568,R32,不適用,—,—,—,三菱重工業(香港)有限公司冷熱事業部,是
三菱重工,SRK18YYSH-WF/SRC18YYSH-W,U1-C250281,2025,1,444,5.55,6.0467,R32,不適用,—,—,—,三菱重工業(香港)有限公司冷熱事業部,是
三菱重工,SRK13YYSH-WF/SRC13YYSH-W,U1-C250280,2025,1,275,3.71,6.6159,R32,不適用,—,—,—,三菱重工業(香港)有限公司冷熱事業部,是
三菱重工,SRK10YYSH-WF/SRC10YYSH-W,U1-C250279,2025,1,233,2.96,6.0687,R32,不適用,—,—,—,三菱重工業(香港)有限公司冷熱事業部,是
聲寶,AH-X24CCA / AU-X24CCA,U1-C250275,2025,1,696,6.95,5.1088,R32,不適用,—,—,—,大昌行電器有限公司,是
三菱重工,SRK25ZSH-WF/SRC25ZSH-W,U1-C250271,2025,1,209,2.58,6.0510,R32,1,26,3.22,5.2396,三菱重工業(香港)有限公司冷熱事業部,是
開利,42KHE024V8S/38KHE024V8S,U1-C250270,2025,1,555,7.03,6.4103,R32,不適用,—,—,—,世紀開利家用空調有限公司,是
開利,42KHE018V8S/38KHE018V8S,U1-C250269,2025,1,414,5.30,6.4483,R32,不適用,—,—,—,世紀開利家用空調有限公司,是
三菱電機,MSY-JY18VF / MUY-JY18VF,U1-C250264,2025,1,518,5.29,5.0745,R32,不適用,—,—,—,三菱電機,是
三菱重工,SRK71ZRH-WF/SRC71ZRH-W,U1-C250263,2025,1,644,7.07,5.5759,R32,1,71,8.01,4.8934,三菱重工業(香港)有限公司冷熱事業部,是
三菱重工,SRK63ZRH-WF/SRC63ZRH-W,U1-C250262,2025,1,606,6.45,5.2586,R32,1,63,7.21,4.9049,三菱重工業(香港)有限公司冷熱事業部,是
三菱重工,SRK60ZSXH-WF/SRC60ZSXH-W,U1-C250261,2025,1,517,6.31,5.9708,R32,1,58,6.74,5.1201,三菱重工業(香港)有限公司冷熱事業部,是
三菱重工,SRK50ZSXH-WF/SRC50ZSXH-W,U1-C250260,2025,1,399,5.17,6.3347,R32,1,49,6.01,5.2571,三菱重工業(香港)有限公司冷熱事業部,是
三菱重工,SRK35ZSXH-WF/SRC35ZSXH-W,U1-C250259,2025,1,235,3.63,7.5224,R32,1,32,4.35,5.7447,三菱重工業(香港)有限公司冷熱事業部,是
三菱重工,SRK25ZSXH-WF/SRC25ZSXH-W,U1-C250258,2025,1,173,2.59,7.2898,R32,1,24,3.19,5.8816,三菱重工業(香港)有限公司冷熱事業部,是
開利,42KHE012V8S/38KHE012V8S,U1-C250255,2025,1,272,3.60,6.5452,R32,不適用,—,—,—,世紀開利家用空調有限公司,是
聲寶,AH-X18CCA / AU-X18CCA,U1-C250249,2025,1,509,5.29,5.2425,R32,不適用,—,—,—,大昌行電器有限公司,是
聲寶,AH-X12CCA / AU-X12CCA,U1-C250248,2025,1,382,3.55,4.7003,R32,不適用,—,—,—,大昌行電器有限公司,是
聲寶,AH-X9CCA / AU-X9CCA,U1-C250247,2025,1,287,2.70,4.6538,R32,不適用,—,—,—,大昌行電器有限公司,是
樂信牌,RS-HZ18BW/RU-HZ18BW,U1-C250246,2025,1,474,5.35,5.6617,R32,1,45,5.60,5.1013,信興電工工程有限公司,是
樂信牌,RS-HZ12BW/RU-HZ12BW,U1-C250245,2025,1,323,3.55,5.5110,R32,1,30,3.54,5.0240,信興電工工程有限公司,是
樂信牌,RS-HZ9BW/RU-HZ9BW,U1-C250244,2025,1,242,2.71,5.5346,R32,1,26,2.67,4.4728,信興電工工程有限公司,是
三菱電機,MSY-JY24VF / MUY-JY24VF,U1-C250243,2025,1,542,6.30,5.8726,R32,不適用,—,—,—,三菱電機,是
三菱電機,MSY-JY09VF / MUY-JY09VF,U1-C250242,2025,1,231,2.64,5.6953,R32,不適用,—,—,—,三菱電機,是
三菱電機,MSY-JY12VF / MUY-JY12VF,U1-C250241,2025,1,325,3.71,5.5963,R32,不適用,—,—,—,三菱電機,是
Panasonic,CS-HZ18BWA/CU-HZ18BWA,U1-C250240,2025,1,474,5.35,5.6617,R32,1,45,5.60,5.1013,信興電器貿易有限公司,是
Panasonic,CS-HZ12BWA/CU-HZ12BWA,U1-C250239,2025,1,323,3.55,5.5110,R32,1,30,3.54,5.0240,信興電器貿易有限公司,是
Panasonic,CS-HZ9BWA/CU-HZ9BWA,U1-C250238,2025,1,242,2.71,5.5346,R32,1,26,2.67,4.4728,信興電器貿易有限公司,是
樂信牌,RS-VA24R / RU-VA24R,U1-C250231,2025,3,1011,6.96,3.3704,R32,不適用,—,—,—,信興電工工程有限公司,否
樂信牌,RS-VA18R / RU-VA18R,U1-C250230,2025,3,777,5.31,3.3392,R32,不適用,—,—,—,信興電工工程有限公司,否
樂信牌,RS-VA12R / RU-VA12R,U1-C250229,2025,3,507,3.47,3.3635,R32,不適用,—,—,—,信興電工工程有限公司,否
樂信牌,RS-VA9R / RU-VA9R,U1-C250228,2025,3,397,2.54,3.3554,R32,不適用,—,—,—,信興電工工程有限公司,否
開利,42KHE009V8S/38KHE009V8S,U1-C250227,2025,1,196,2.63,6.8180,R32,不適用,—,—,—,世紀開利家用空調有限公司,是
三菱重工,SRK50ZSH-WF/SRC50ZSH-W,U1-C250226,2025,1,457,5.05,5.5351,R32,1,52,5.79,4.7919,三菱重工業(香港)有限公司冷熱事業部,是
三菱重工,SRK35ZSH-WF/SRC35ZSH-W,U1-C250225,2025,1,289,3.65,6.1213,R32,1,34,3.94,5.0698,三菱重工業(香港)有限公司冷熱事業部,是
三菱重工,SRK20ZSH-WF/SRC20ZSH-W,U1-C250224,2025,1,161,2.07,6.2951,R32,1,22,2.75,5.4008,三菱重工業(香港)有限公司冷熱事業部,是
格力,GIH24UZE/GIH24UZC,U1-C250223,2025,1,652,6.96,5.4399,R32,1,69,7.11,4.4541,太平家庭電器,是
格力,GIH09UZE/GIH09UZC,U1-C250222,2025,1,273,2.70,4.8974,R32,1,28,2.89,0.5681,太平家庭電器,是
格力,GIC18UZE/GIC18UZC,U1-C250221,2025,1,482,5.60,5.5299,R32,不適用,—,—,—,太平家庭電器,是
格力,GIC12UZE/GIC12UZC,U1-C250220,2025,1,359,3.61,4.9965,R32,不適用,—,—,—,太平家庭電器,是
格力,GIC09UZE/GIC09UZC,U1-C250219,2025,1,270,2.67,4.9415,R32,不適用,—,—,—,太平家庭電器,是
MECAN,MC12WMIP/MC12WMOP,U1-C250218,2025,1,272,3.60,6.5452,R32,不適用,—,—,—,美佳冷氣（香港）有限公司,是
格力,GIH18UZE/GIH18UZC,U1-C250213,2025,1,476,5.52,5.6055,R32,1,47,5.30,4.8861,太平家庭電器,是
格力,GIH12UZE/GIH12UZC,U1-C250212,2025,1,351,3.64,5.1151,R32,1,32,3.85,4.9865,太平家庭電器,是
品牌,型號,參考編號,年份 (*),能源效益級別(製冷)(1 至 5),每年耗電量(製冷)(千瓦小時),製冷量(千瓦),製冷季節性表現系數 (CSPF),製冷劑,能源效益級別(供暖)(1 至 5),每年耗電量(供暖)(千瓦小時),供暖量(千瓦),供暖季節性表現系數 (HSPF),資料提供者,變頻
開利,42BKK024/38BKK024,U1-C250210,2025,2,936,7.20,3.8362,R32,不適用,—,—,—,世紀開利家用空調有限公司,否
三菱重工,SRK18YYPH-W/SRC18YYPH-W,U1-C250209,2025,1,478,5.03,5.2910,R32,不適用,—,—,—,三菱重工業(香港)有限公司冷熱事業部,是
三菱重工,SRK13YYPH-W/SRC13YYPH-W,U1-C250208,2025,1,355,3.73,5.1305,R32,不適用,—,—,—,三菱重工業(香港)有限公司冷熱事業部,是
三菱重工,SRK10YYPH-W/SRC10YYPH-W,U1-C250207,2025,1,279,2.86,5.0762,R32,不適用,—,—,—,三菱重工業(香港)有限公司冷熱事業部,是
三菱重工,SRK24YYMH-W/SRC24YYMH-W,U1-C250206,2025,1,611,7.27,5.8783,R32,不適用,—,—,—,三菱重工業(香港)有限公司冷熱事業部,是
三菱重工,SRK18YYMH-W/SRC18YYMH-W,U1-C250205,2025,1,442,5.50,6.0675,R32,不適用,—,—,—,三菱重工業(香港)有限公司冷熱事業部,是
三菱重工,SRK13YYMH-W/SRC13YYMH-W,U1-C250204,2025,1,311,3.69,5.8518,R32,不適用,—,—,—,三菱重工業(香港)有限公司冷熱事業部,是
三菱重工,SRK10YYMH-W/SRC10YYMH-W,U1-C250203,2025,1,229,2.91,6.1813,R32,不適用,—,—,—,三菱重工業(香港)有限公司冷熱事業部,是
開利,42BKK018/38BKK018,U1-C250202,2025,2,713,5.36,3.7568,R32,不適用,—,—,—,世紀開利家用空調有限公司,否
開利,42BKK012/38BKK012,U1-C250201,2025,2,484,3.53,3.6553,R32,不適用,—,—,—,世紀開利家用空調有限公司,否
開利,42BKK009/38BKK009,U1-C250200,2025,2,377,2.70,3.6190,R32,不適用,—,—,—,世紀開利家用空調有限公司,否
大金,FTXJ60MV1HB/RXJ60MV1H,U1-C250199,2025,1,600,6.04,5.0540,R32,1,51,6.02,5.0573,大金冷氣(香港)有限公司,是
三菱重工,SRK71ZTLH-WF/SRC71ZTLH-W,U1-C250193,2025,1,653,7.33,5.5006,R32,1,74,7.99,4.6759,三菱重工業(香港)有限公司冷熱事業部,是
三菱重工,SRK63ZTLH-WF/SRC63ZTLH-W,U1-C250192,2025,1,560,6.51,5.6918,R32,1,64,7.16,4.7756,三菱重工業(香港)有限公司冷熱事業部,是
三菱重工,SRK50ZTLH-WF/SRC50ZTLH-W,U1-C250191,2025,1,488,5.18,5.1792,R32,1,51,5.76,4.9645,三菱重工業(香港)有限公司冷熱事業部,是
三菱重工,SRK35ZTLH-WF/SRC35ZTLH-W,U1-C250190,2025,1,302,3.64,5.8673,R32,1,32,3.77,5.2184,三菱重工業(香港)有限公司冷熱事業部,是
三菱重工,SRK25ZTLH-WF/SRC25ZTLH-W,U1-C250189,2025,1,208,2.52,6.0726,R32,1,24,2.95,5.3969,三菱重工業(香港)有限公司冷熱事業部,是
三菱重工,SRK20ZTLH-WF/SRC20ZTLH-W,U1-C250188,2025,1,175,2.05,5.7907,R32,1,24,2.61,4.9371,三菱重工業(香港)有限公司冷熱事業部,是
三菱重工,SRK15ZTLH-WF/SRC15ZTLH-W,U1-C250187,2025,2,176,1.55,4.3134,R32,1,18,1.93,4.8669,三菱重工業(香港)有限公司冷熱事業部,是
開利,42BKK24/38BKK24,U1-C250186,2025,2,936,7.20,3.8362,R32,不適用,—,—,—,世紀開利家用空調有限公司,否
開利,42BKK18/38BKK18,U1-C250185,2025,2,713,5.36,3.7568,R32,不適用,—,—,—,世紀開利家用空調有限公司,否
開利,42BKK12/38BKK12,U1-C250184,2025,2,484,3.53,3.6553,R32,不適用,—,—,—,世紀開利家用空調有限公司,否
開利,42BKK09/38BKK09,U1-C250183,2025,2,377,2.70,3.6190,R32,不適用,—,—,—,世紀開利家用空調有限公司,否
大金,FTXJ60MV1HW/RXJ60MV1H,U1-C250181,2025,1,600,6.04,5.0540,R32,1,51,6.02,5.0573,大金冷氣(香港)有限公司,是
格力,GCC63ZE/GCC63ZC,U1-C250176,2025,2,972,7.36,3.7438,R32,不適用,—,—,—,太平家庭電器,否
格力,GCC53ZE/GCC53ZC,U1-C250175,2025,2,767,5.61,3.6264,R32,不適用,—,—,—,太平家庭電器,否
格力,GCC35ZE/GCC35ZC,U1-C250174,2025,2,495,3.65,3.6598,R32,不適用,—,—,—,太平家庭電器,否
格力,GCC26ZE/GCC26ZC,U1-C250173,2025,2,382,2.75,3.5753,R32,不適用,—,—,—,太平家庭電器,否
格力,GSC24UZE/GSC24UZC,U1-C250172,2025,2,972,7.36,3.7438,R32,不適用,—,—,—,太平家庭電器,否
格力,GSC18UZE/GSC18UZC,U1-C250171,2025,2,767,5.61,3.6264,R32,不適用,—,—,—,太平家庭電器,否
格力,GSC12UZE/GSC12UZC,U1-C250170,2025,2,495,3.65,3.6598,R32,不適用,—,—,—,太平家庭電器,否
格力,GSC09UZE/GSC09UZC,U1-C250169,2025,2,382,2.75,3.5753,R32,不適用,—,—,—,太平家庭電器,否
三菱重工,SRK20ZSXH-WF/SRC20ZSXH-W,U1-C250157,2025,1,137,2.05,7.3668,R32,1,20,2.71,5.8762,三菱重工業(香港)有限公司冷熱事業部,是
Morita Denko,NMDSA24CRF8B,U1-C250137,2025,1,735,7.20,4.8176,R32,不適用,—,—,—,美的電器(香港)有限公司,是
Morita Denko,NMDSA18CRF8B,U1-C250136,2025,1,534,5.55,5.0193,R32,不適用,—,—,—,美的電器(香港)有限公司,是
Morita Denko,NMDSA12CRF8B,U1-C250135,2025,1,361,3.62,4.9058,R32,不適用,—,—,—,美的電器(香港)有限公司,是
Morita Denko,NMDSA09CRF8B,U1-C250129,2025,1,256,2.64,5.1276,R32,不適用,—,—,—,美的電器(香港)有限公司,是
Comfee',CFS-25VGPF,U1-C250128,2025,1,735,7.20,4.8310,R32,不適用,—,—,—,東芝香港有限公司,是
Comfee',CFS-13VGPF,U1-C250126,2025,1,334,3.66,5.2370,R32,不適用,—,—,—,東芝香港有限公司,是
Comfee',CFS-10VGPF,U1-C250125,2025,1,256,2.64,5.0824,R32,不適用,—,—,—,東芝香港有限公司,是
MECAN,MC24WMI/MC24WMO,U1-C250121,2025,1,635,6.44,5.1348,R32,不適用,—,—,—,美佳冷氣(香港)有限公司,是
Comfee',CAA-10CFN8-AC6,U1-C250099,2025,1,256,2.91,5.5216,R32,不適用,—,—,—,東芝香港有限公司,是
肯特,TA-09RV/TA-09RAV,U1-C250098,2025,1,281,2.71,4.7545,R32,不適用,—,—,—,世紀開利家用空調有限公司,是
肯特,TA-18RV/TA-18RAV,U1-C250097,2025,1,592,5.30,4.5041,R32,不適用,—,—,—,世紀開利家用空調有限公司,是
肯特,TA-12RV/TA-12RAV,U1-C250096,2025,2,414,3.46,4.2895,R32,不適用,—,—,—,世紀開利家用空調有限公司,是
肯特,TA-22RV/TA-22RAV,U1-C250095,2025,1,635,6.44,5.1348,R32,不適用,—,—,—,世紀開利家用空調有限公司,是
Comfee',CAC-18CFN8-AC1,U1-C250090,2025,1,523,5.20,4.9923,R32,不適用,—,—,—,東芝香港有限公司,是
Comfee',CAA-12CFN8-AC4,U1-C250089,2025,1,310,3.61,5.5950,R32,不適用,—,—,—,東芝香港有限公司,是
MECAN,MC18WMI/MC18WMO,U1-C250088,2025,1,592,5.30,4.5041,R32,不適用,—,—,—,美佳冷氣(香港)有限公司,是
MECAN,MC09WMI/MC09WMO,U1-C250087,2025,1,281,2.71,4.7545,R32,不適用,—,—,—,美佳冷氣(香港)有限公司,是
品牌,型號,參考編號,年份 (*),能源效益級別(製冷)(1 至 5),每年耗電量(製冷)(千瓦小時),製冷量(千瓦),製冷季節性表現系數 (CSPF),製冷劑,能源效益級別(供暖)(1 至 5),每年耗電量(供暖)(千瓦小時),供暖量(千瓦),供暖季節性表現系數 (HSPF),資料提供者,變頻
MECAN,MC12WMI/MC12WMO,U1-C250086,2025,2,414,3.46,4.2895,R32,不適用,—,—,—,美佳冷氣(香港)有限公司,是
珍寶,ASWG24KNTA / AOWG24KNTA,U1-C250076,2025,1,635,7.18,5.6040,R32,1,61,7.17,4.9690,第一電業有限公司,是
珍寶,ASWG18KNTA / AOWG18KNTA,U1-C250075,2025,1,434,5.29,6.1487,R32,1,42,5.40,5.4377,第一電業有限公司,是
美的,MS-12CRF8F2,U1-C250072,2025,1,361,3.62,4.9058,R32,不適用,—,—,—,美的電器(香港)有限公司,是
珍寶,ASWH12KNCA / AOWH12KNCA,U1-C250068,2025,1,287,3.52,5.9926,R32,1,35,3.98,4.9303,第一電業有限公司,是
珍寶,ASWH09KNCA / AOWH09KNCA,U1-C250067,2025,1,189,2.58,6.6900,R32,1,28,3.13,5.0375,第一電業有限公司,是
美的,MS-24CRF8F2,U1-C250061,2025,1,735,7.20,4.8176,R32,不適用,—,—,—,美的電器(香港)有限公司,是
美的,MS-18CRF8F2,U1-C250060,2025,1,534,5.55,5.0193,R32,不適用,—,—,—,美的電器(香港)有限公司,是
美的,MS-09CRF8F2,U1-C250059,2025,1,256,2.64,5.1276,R32,不適用,—,—,—,美的電器(香港)有限公司,是
美的,MS-24CRF8F,U1-C250058,2025,1,735,7.20,4.8176,R32,不適用,—,—,—,美的電器(香港)有限公司,是
美的,MS-18CRF8F,U1-C250057,2025,1,534,5.55,5.0193,R32,不適用,—,—,—,美的電器(香港)有限公司,是
美的,MS-12CRF8F,U1-C250046,2025,1,334,3.66,5.2972,R32,不適用,—,—,—,美的電器(香港)有限公司,是
美的,MS-09CRF8F,U1-C250045,2025,1,256,2.64,5.1276,R32,不適用,—,—,—,美的電器(香港)有限公司,是
三星,AR70F24CACWNSH,U1-C250010,2025,1,641,6.55,5.1283,R32,1,71,7.41,4.5313,三星,是
三星,AR70F18CACWNSH,U1-C250009,2025,1,487,5.11,5.1866,R32,1,56,6.03,4.6823,三星,是
三星,AR70F12CACWNSH,U1-C250008,2025,1,347,3.54,5.0978,R32,1,39,4.02,4.5022,三星,是
三星,AR70F09CACWNSH,U1-C250007,2025,1,215,2.53,5.8834,R32,1,29,3.37,4.7770,三星,是
三星,AR60F24D1BWNSH,U1-C250006,2025,1,650,6.59,5.0564,R32,不適用,—,—,—,三星,是
三星,AR60F18D1BWNSH,U1-C250005,2025,1,521,5.18,4.8520,R32,不適用,—,—,—,三星,是
三星,AR60F12D1BWNSH,U1-C250004,2025,1,341,3.58,5.1915,R32,不適用,—,—,—,三星,是
三星,AR60F09D1BWNSH,U1-C250003,2025,1,226,2.54,5.5890,R32,不適用,—,—,—,三星,是
開利,42KLF022V8S/38KLF022V8S,U1-C240200,2024,1,635,6.44,5.1348,R32,不適用,—,—,—,世紀開利家用空調有限公司,是
三菱重工,SRK53MUVPH1/SRC53MUVPH1,U1-C240191,2024,1,557,5.28,4.8197,R32,1,45,4.54,4.4335,三菱重工業(香港)有限公司冷熱事業部,是
三菱重工,SRK35MUVPH1/SRC35MUVPH1,U1-C240190,2024,1,298,3.21,5.5075,R32,1,40,4.23,4.6129,三菱重工業(香港)有限公司冷熱事業部,是
三菱重工,SRK25MUVPH1/SRC25MUVPH1,U1-C240189,2024,1,227,2.66,5.8906,R32,1,30,3.23,4.6803,三菱重工業(香港)有限公司冷熱事業部,是
三菱重工,SRK53MHIPH1/SRC53MHIPH1,U1-C240188,2024,1,557,5.28,4.8197,R32,1,45,4.54,4.4335,三菱重工業(香港)有限公司冷熱事業部,是
三菱重工,SRK35MHIPH1/SRC35MHIPH1,U1-C240187,2024,1,298,3.21,5.5075,R32,1,40,4.23,4.6129,三菱重工業(香港)有限公司冷熱事業部,是
三菱重工,SRK25MHIPH1/SRC25MHIPH1,U1-C240186,2024,1,227,2.66,5.8906,R32,1,30,3.23,4.6803,三菱重工業(香港)有限公司冷熱事業部,是
三菱重工,SRK53MMH1/SRC53MMH1,U1-C240185,2024,1,557,5.28,4.8197,R32,1,45,4.54,4.4335,三菱重工業(香港)有限公司冷熱事業部,是
三菱重工,SRK35MMH1/SRC35MMH1,U1-C240184,2024,1,298,3.21,5.5075,R32,1,40,4.23,4.6129,三菱重工業(香港)有限公司冷熱事業部,是
三菱重工,SRK25MMH1/SRC25MMH1,U1-C240183,2024,1,227,2.66,5.8906,R32,1,30,3.23,4.6803,三菱重工業(香港)有限公司冷熱事業部,是
開利,42KAF012V8S /38KAF012V8S,U1-C240182,2024,2,414,3.46,4.2895,R32,不適用,—,—,—,世紀開利家用空調有限公司,是
海迅,HS024KB/HS024KBA,U1-C240181,2024,1,635,6.44,5.1348,R32,不適用,—,—,—,世紀開利家用空調有限公司,是
海迅,HS018KB/HS018KBA,U1-C240180,2024,1,592,5.30,4.5041,R32,不適用,—,—,—,世紀開利家用空調有限公司,是
海迅,HS012KB/HS012KBA,U1-C240179,2024,2,414,3.46,4.2895,R32,不適用,—,—,—,世紀開利家用空調有限公司,是
海迅,HS009KB/HS009KBA,U1-C240178,2024,1,281,2.71,4.7545,R32,不適用,—,—,—,世紀開利家用空調有限公司,是
開利,42KLF018V8S/38KLF018V8S,U1-C240177,2024,1,592,5.30,4.5041,R32,不適用,—,—,—,世紀開利家用空調有限公司,是
開利,42KLF012V8S/38KLF012V8S,U1-C240176,2024,2,414,3.46,4.2895,R32,不適用,—,—,—,世紀開利家用空調有限公司,是
開利,42KLF009V8S/38KLF009V8S,U1-C240175,2024,1,281,2.71,4.7545,R32,不適用,—,—,—,世紀開利家用空調有限公司,是
Panasonic,CS-RZ28BKA / CU-RZ28BKA,U1-C240166,2024,1,634,7.67,5.9764,R32,1,74,8.89,5.0569,信興電工工程有限公司,是
三菱重工,SRK60ZSX-WF/SRC60ZSXH-S,U1-C240165,2024,1,534,6.27,5.7718,R410A,1,57,6.89,5.1742,三菱重工業(香港)有限公司冷熱事業部,是
開利,42KAF022V8S /38KAF022V8S,U1-C240164,2024,1,635,6.44,5.1348,R32,不適用,—,—,—,世紀開利家用空調有限公司,是
開利,42KAF018V8S /38KAF018V8S,U1-C240163,2024,1,592,5.30,4.5041,R32,不適用,—,—,—,世紀開利家用空調有限公司,是
Panasonic,CS-YU24BKA / CU-YU24BKA,U1-C240157,2024,1,611,6.82,5.6266,R32,不適用,—,—,—,信興電器貿易有限公司,是
Panasonic,CS-YU18BKA / CU-YU18BKA,U1-C240156,2024,1,397,5.35,6.7554,R32,不適用,—,—,—,信興電器貿易有限公司,是
Panasonic,CS-YU12BKA / CU-YU12BKA,U1-C240155,2024,1,291,3.49,6.0769,R32,不適用,—,—,—,信興電器貿易有限公司,是
Panasonic,CS-YU9BKA / CU-YU9BKA,U1-C240154,2024,1,214,2.58,6.1371,R32,不適用,—,—,—,信興電器貿易有限公司,是
Panasonic,CS-RU24BKA / CU-RU24BKA,U1-C240153,2024,1,611,6.82,5.6266,R32,不適用,—,—,—,信興電器貿易有限公司,是
Panasonic,CS-RU12BKA / CU-RU12BKA,U1-C240152,2024,1,291,3.49,6.0769,R32,不適用,—,—,—,信興電器貿易有限公司,是
三菱重工,SRK53DDH1/SRC53DDH1,U1-C240151,2024,1,538,5.21,4.9812,R32,1,63,6.11,4.2064,三菱重工業(香港)有限公司冷熱事業部,是
品牌,型號,參考編號,年份 (*),能源效益級別(製冷)(1 至 5),每年耗電量(製冷)(千瓦小時),製冷量(千瓦),製冷季節性表現系數 (CSPF),製冷劑,能源效益級別(供暖)(1 至 5),每年耗電量(供暖)(千瓦小時),供暖量(千瓦),供暖季節性表現系數 (HSPF),資料提供者,變頻
三菱重工,SRK35DDH1/SRC35DDH1,U1-C240150,2024,1,295,3.52,5.9965,R32,1,37,4.31,5.0249,三菱重工業(香港)有限公司冷熱事業部,是
三菱重工,SRK25DDH1/SRC25DDH1,U1-C240149,2024,1,200,2.47,6.3110,R32,1,29,3.34,5.0749,三菱重工業(香港)有限公司冷熱事業部,是
三菱重工,SRK53QEH1/SRC53QEH1,U1-C240148,2024,1,538,5.21,4.9812,R32,1,63,6.11,4.2064,三菱重工業(香港)有限公司冷熱事業部,是
三菱重工,SRK35QEH1/SRC35QEH1,U1-C240147,2024,1,295,3.52,5.9965,R32,1,37,4.31,5.0249,三菱重工業(香港)有限公司冷熱事業部,是
三菱重工,SRK25QEH1/SRC25QEH1,U1-C240146,2024,1,200,2.47,6.3110,R32,1,29,3.34,5.0749,三菱重工業(香港)有限公司冷熱事業部,是
Panasonic,CS-RU18BKA / CU-RU18BKA,U1-C240145,2024,1,397,5.35,6.7554,R32,不適用,—,—,—,信興電器貿易有限公司,是
Panasonic,CS-RU9BKA / CU-RU9BKA,U1-C240144,2024,1,214,2.58,6.1371,R32,不適用,—,—,—,信興電器貿易有限公司,是
Panasonic,CS-RZ24BKA / CU-RZ24BKA,U1-C240143,2024,1,594,6.68,5.6155,R32,1,66,8.15,5.2187,信興電器貿易有限公司,是
Panasonic,CS-RZ18BKA / CU-RZ18BKA,U1-C240142,2024,1,415,5.32,6.3278,R32,1,45,5.85,5.5726,信興電器貿易有限公司,是
Panasonic,CS-RZ12BKA / CU-RZ12BKA,U1-C240141,2024,1,272,3.53,6.4940,R32,1,32,4.05,5.3658,信興電器貿易有限公司,是
Panasonic,CS-RZ9BKA / CU-RZ9BKA,U1-C240140,2024,1,199,2.52,6.3512,R32,1,26,3.13,5.1726,信興電器貿易有限公司,是
樂信牌,RS-YU24BK / RU-YU24BK,U1-C240139,2024,1,611,6.82,5.6266,R32,不適用,—,—,—,信興電工工程有限公司,是
樂信牌,RS-YU18BK / RU-YU18BK,U1-C240138,2024,1,397,5.35,6.7554,R32,不適用,—,—,—,信興電工工程有限公司,是
樂信牌,RS-YU12BK / RU-YU12BK,U1-C240137,2024,1,291,3.49,6.0769,R32,不適用,—,—,—,信興電工工程有限公司,是
樂信牌,RS-YU9BK / RU-YU9BK,U1-C240136,2024,1,214,2.58,6.1371,R32,不適用,—,—,—,信興電工工程有限公司,是
樂信牌,RS-RZ24BK / RU-RZ24BK,U1-C240135,2024,1,594,6.68,5.6155,R32,1,66,8.15,5.2187,信興電工工程有限公司,是
樂信牌,RS-RZ18BK / RU-RZ18BK,U1-C240134,2024,1,415,5.32,6.3278,R32,1,45,5.85,5.5726,信興電工工程有限公司,是
樂信牌,RS-RZ12BK / RU-RZ12BK,U1-C240133,2024,1,272,3.53,6.4940,R32,1,32,4.05,5.3658,信興電工工程有限公司,是
樂信牌,RS-RZ9BK / RU-RZ9BK,U1-C240132,2024,1,199,2.52,6.3512,R32,1,26,3.13,5.1726,信興電工工程有限公司,是
日立牌,RAK-DJ18CBK/RAC-DJ18CBK,U1-C240129,2024,1,590,5.10,4.5359,R32,不適用,—,—,—,江森自控日立空調貿易（香港）有限公司,是
日立牌,RAK-DJ13CBK/RAC-DJ13CBK,U1-C240128,2024,1,316,3.12,5.1622,R32,不適用,—,—,—,江森自控日立空調貿易（香港）有限公司,是
日立牌,RAK-DJ10CBK/RAC-DJ10CBK,U1-C240127,2024,1,247,2.46,5.1096,R32,不適用,—,—,—,江森自控日立空調貿易（香港）有限公司,是
開利,42KAF009V8S/38KAF009V8S,U1-C240126,2024,1,281,2.71,4.7545,R32,不適用,—,—,—,世紀開利家用空調有限公司,是
日立牌,RAK-DJ13HBK/RAC-DJ13HBK,U1-C240125,2024,1,310,3.35,5.2578,R410a,1,41,4.06,4.4793,江森自控日立空調貿易（香港）有限公司,是
日立牌,RAK-DJ18HBK/RAC-DJ18HBK,U1-C240124,2024,1,538,5.54,4.9772,R410a,1,49,4.49,4.0021,江森自控日立空調貿易（香港）有限公司,是
日立牌,RAK-GJ24HBK/RAC-GJ24HBK,U1-C240123,2024,1,728,6.55,4.7165,R410a,1,73,6.80,4.0552,江森自控日立空調貿易（香港）有限公司,是
日立牌,RAK-DJ10HBK/RAC-DJ10HBK,U1-C240122,2024,1,238,2.57,5.3121,R410a,1,29,3.24,4.7139,江森自控日立空調貿易（香港）有限公司,是
日立牌,RAK-CJ24CAK/RAC-CJ24CAK,U1-C240121,2024,1,637,6.14,4.9225,R32,不適用,—,—,—,江森自控日立空調貿易（香港）有限公司,是
日立牌,RAK-CJ18CAK/RAC-CJ18CAK,U1-C240120,2024,1,539,5.07,4.8771,R32,不適用,—,—,—,江森自控日立空調貿易（香港）有限公司,是
日立牌,RAK-CJ13CAK/RAC-CJ13CAK,U1-C240119,2024,1,377,3.74,4.6985,R32,不適用,—,—,—,江森自控日立空調貿易（香港）有限公司,是
日立牌,RAK-CJ10CAK/RAC-CJ10CAK,U1-C240118,2024,1,292,2.85,4.6830,R32,不適用,—,—,—,江森自控日立空調貿易（香港）有限公司,是
日立牌,RAK-CH18CAK/RAC-CH18CAK,U1-C240116,2024,1,528,5.02,4.9788,R32,不適用,—,—,—,阿奇立克日立家電(香港)有限公司,是
日立牌,RAK-CH13CAK/RAC-CH13CAK,U1-C240115,2024,1,356,3.75,4.9715,R32,不適用,—,—,—,阿奇立克日立家電(香港)有限公司,是
日立牌,RAK-CH10CAK/RAC-CH10CAK,U1-C240114,2024,1,275,2.96,4.9693,R32,不適用,—,—,—,阿奇立克日立家電(香港)有限公司,是
LG,HS-24IPX,U1-C240113,2024,1,651,7.14,5.5111,R32,不適用,—,—,—,LG Electronics HK Ltd,是
大金,FTKP71MV1H/RKP71MV1H,U1-C240112,2024,1,640,7.05,5.6094,R32,不適用,—,—,—,大金冷氣(香港)有限公司,是
大金,FTKP60MV1H/RKP60MV1H,U1-C240111,2024,1,506,6.07,6.0009,R32,不適用,—,—,—,大金冷氣(香港)有限公司,是
大金,FTKP50MV1H/RKP50MV1H,U1-C240110,2024,1,390,5.07,6.4850,R32,不適用,—,—,—,大金冷氣(香港)有限公司,是
大金,FTKP35MV1H/RKP35MV1H,U1-C240109,2024,1,328,3.55,5.3993,R32,不適用,—,—,—,大金冷氣(香港)有限公司,是
大金,FTKP25MV1H/RKP25MV1H,U1-C240108,2024,1,236,2.45,5.3657,R32,不適用,—,—,—,大金冷氣(香港)有限公司,是
美的,MS-12CRF8E,U1-C240107,2024,1,332,3.55,5.3538,R32,不適用,—,—,—,美的電器(香港)有限公司,是
美的,MS-09CRF8E,U1-C240106,2024,1,238,2.85,5.5949,R32,不適用,—,—,—,美的電器(香港)有限公司,是
美的,MS-24HRF8E,U1-C240105,2024,1,728,7.07,4.8607,R32,1,68,7.29,4.6299,美的電器(香港)有限公司,是
美的,MS-18HRF8E,U1-C240104,2024,1,526,5.23,5.0938,R32,1,47,5.43,4.9337,美的電器(香港)有限公司,是
美的,MS-12HRF8E,U1-C240103,2024,1,349,3.50,5.0658,R32,1,35,3.81,4.4908,美的電器(香港)有限公司,是
美的,MS-09HRF8E,U1-C240102,2024,1,245,2.70,5.3578,R32,1,25,2.83,4.8699,美的電器(香港)有限公司,是
肯特,TA-KWS18DA/TA-KWS18DAV,U1-C240101,2024,1,523,5.20,4.9923,R32,不適用,—,—,—,世紀開利家用空調有限公司,是
大金,FTXP71MV1H/RXP71MV1H,U1-C240100,2024,1,657,7.03,5.4613,R32,1,62,7.15,4.9462,大金冷氣(香港)有限公司,是
大金,FTXP60MV1H/RXP60MV1H,U1-C240099,2024,1,523,6.04,5.7964,R32,1,50,6.06,5.1728,大金冷氣(香港)有限公司,是
大金,FTXP50MV1H/RXP50MV1H,U1-C240098,2024,1,404,5.08,6.2498,R32,1,41,5.01,5.3189,大金冷氣(香港)有限公司,是
品牌,型號,參考編號,年份 (*),能源效益級別(製冷)(1 至 5),每年耗電量(製冷)(千瓦小時),製冷量(千瓦),製冷季節性表現系數 (CSPF),製冷劑,能源效益級別(供暖)(1 至 5),每年耗電量(供暖)(千瓦小時),供暖量(千瓦),供暖季節性表現系數 (HSPF),資料提供者,變頻
大金,FTXP35MV1H/RXP35MV1H,U1-C240097,2024,1,328,3.50,5.3877,R32,1,29,3.53,5.3036,大金冷氣(香港)有限公司,是
大金,FTXP25MV1H/RXP25MV1H,U1-C240096,2024,1,196,2.46,6.4334,R32,1,19,2.52,5.6007,大金冷氣(香港)有限公司,是
開利,42QWS18VS/38QWS18VS,U1-C240095,2024,1,514,5.21,5.0748,R32,1,51,5.20,4.4022,世紀開利家用空調有限公司,是
開利,42KWS18VS/38KWS18VS,U1-C240094,2024,1,523,5.20,4.9923,R32,不適用,—,—,—,世紀開利家用空調有限公司,是
肯特,TA-KWS12DA/TA-KWS12DAV,U1-C240089,2024,1,310,3.61,5.5950,R32,不適用,—,—,—,世紀開利家用空調有限公司,是
肯特,TA-KWS09DA/TA-KWS09DAV,U1-C240088,2024,1,256,2.91,5.5216,R32,不適用,—,—,—,世紀開利家用空調有限公司,是
三菱重工,SRK53MHIPC1/SRC53MHIPC1,U1-C240082,2024,1,558,5.27,4.8130,R32,不適用,—,—,—,三菱重工業(香港)有限公司冷熱事業部,是
三菱重工,SRK35MHIPC1/SRC35MHIPC1,U1-C240081,2024,1,302,3.20,5.4401,R32,不適用,—,—,—,三菱重工業(香港)有限公司冷熱事業部,是
三菱重工,SRK25MHIPC1/SRC25MHIPC1,U1-C240080,2024,1,223,2.56,5.9044,R32,不適用,—,—,—,三菱重工業(香港)有限公司冷熱事業部,是
三菱重工,SRK53MWKHC1/SRC53MWKHC1,U1-C240079,2024,1,558,5.27,4.8130,R32,不適用,—,—,—,三菱重工業(香港)有限公司冷熱事業部,是
三菱重工,SRK35MWKHC1/SRC35MWKHC1,U1-C240078,2024,1,302,3.20,5.4401,R32,不適用,—,—,—,三菱重工業(香港)有限公司冷熱事業部,是
三菱重工,SRK25MWKHC1/SRC25MWKHC1,U1-C240077,2024,1,223,2.56,5.9044,R32,不適用,—,—,—,三菱重工業(香港)有限公司冷熱事業部,是
開利,42QWS12VS/38QWS12VS,U1-C240076,2024,1,310,3.62,5.5965,R32,1,31,3.50,4.8046,世紀開利家用空調有限公司,是
開利,42QWS09VS/38QWS09VS,U1-C240075,2024,1,256,2.93,5.5221,R32,1,31,3.43,4.7194,世紀開利家用空調有限公司,是
開利,42KWS12VS/38KWS12VS,U1-C240074,2024,1,310,3.61,5.5950,R32,不適用,—,—,—,世紀開利家用空調有限公司,是
開利,42KWS09VS/38KWS09VS,U1-C240073,2024,1,256,2.91,5.5216,R32,不適用,—,—,—,世紀開利家用空調有限公司,是
快意寶,S1212-PAC,U1-C240072,2024,2,509,3.60,3.5559,R410A,不適用,—,—,—,康富電器貿易有限公司,否
快意寶,S912-PAC,U1-C240071,2024,2,382,2.71,3.5345,R410A,不適用,—,—,—,康富電器貿易有限公司,否
開利,42KHE024VS/38KHE024VS,U1-C240064,2024,1,654,7.05,5.4397,R32,不適用,—,—,—,世紀開利家用空調有限公司,是
開利,42KOC024/38KOC024,U1-C240063,2024,1,654,7.05,5.4397,R32,不適用,—,—,—,世紀開利家用空調有限公司,是
開利,42KME024VS/38KME024VS,U1-C240062,2024,1,654,7.05,5.4397,R32,不適用,—,—,—,世紀開利家用空調有限公司,是
大金,FTXJ50MV1HW/RXJ50MV1H,U1-C240061,2024,1,474,5.01,5.3348,R32,1,44,5.05,4.9586,大金冷氣(香港)有限公司,是
大金,FTXJ50MV1HB/RXJ50MV1H,U1-C240060,2024,1,474,5.01,5.3348,R32,1,44,5.05,4.9586,大金冷氣(香港)有限公司,是
大金,FTXJ35MV1HW/RXJ35MV1H,U1-C240059,2024,1,292,3.55,6.0625,R32,1,28,3.53,5.5046,大金冷氣(香港)有限公司,是
大金,FTXJ35MV1HB/RXJ35MV1H,U1-C240058,2024,1,292,3.55,6.0625,R32,1,28,3.53,5.5046,大金冷氣(香港)有限公司,是
大金,FTXJ25MV1HW/RXJ25MV1H,U1-C240057,2024,1,195,2.52,6.4725,R32,1,21,2.53,5.1545,大金冷氣(香港)有限公司,是
大金,FTXJ25MV1HB/RXJ25MV1H,U1-C240056,2024,1,195,2.52,6.4725,R32,1,21,2.53,5.1545,大金冷氣(香港)有限公司,是
開利,42KOC012/38KOC012,U1-C240050,2024,1,309,3.63,5.8813,R32,不適用,—,—,—,世紀開利家用空調有限公司,是
開利,42KOC009/38KOC009,U1-C240049,2024,1,214,2.73,6.3237,R32,不適用,—,—,—,世紀開利家用空調有限公司,是
開利,42KME018VS/38KME018VS,U1-C240048,2024,1,446,5.28,5.9560,R32,不適用,—,—,—,世紀開利家用空調有限公司,是
開利,42KME012VS/38KME012VS,U1-C240047,2024,1,309,3.63,5.8813,R32,不適用,—,—,—,世紀開利家用空調有限公司,是
開利,42KME009VS/38KME009VS,U1-C240046,2024,1,214,2.73,6.3237,R32,不適用,—,—,—,世紀開利家用空調有限公司,是
開利,42KHE018VS/38KHE018VS,U1-C240045,2024,1,446,5.28,5.9560,R32,不適用,—,—,—,世紀開利家用空調有限公司,是
開利,42KOC018/38KOC018,U1-C240044,2024,1,446,5.28,5.9560,R32,不適用,—,—,—,世紀開利家用空調有限公司,是
開利,42KHE012VS/38KHE012VS,U1-C240043,2024,1,309,3.63,5.8813,R32,不適用,—,—,—,世紀開利家用空調有限公司,是
開利,42KHE009VS/38KHE009VS,U1-C240042,2024,1,214,2.73,6.3237,R32,不適用,—,—,—,世紀開利家用空調有限公司,是
大金,FTXD50AV1H / RXD50AV1H,U1-C240031,2024,1,545,4.97,4.6445,R32,1,47,4.51,4.1443,大金冷氣(香港)有限公司,是
大金,FTXD35AV1H / RXD35AV1H,U1-C240030,2024,1,324,3.26,5.0194,R32,1,42,4.30,4.3277,大金冷氣(香港)有限公司,是
大金,FTXD25AV1H / RXD25AV1H,U1-C240029,2024,1,237,2.54,5.4927,R32,1,29,3.27,4.8049,大金冷氣(香港)有限公司,是
大金,FTKD50AV1H / RKD50AV1H,U1-C240028,2024,1,545,4.97,4.6445,R32,不適用,—,—,—,大金冷氣(香港)有限公司,是
大金,FTKD35AV1H / RKD35AV1H,U1-C240027,2024,1,324,3.26,5.0194,R32,不適用,—,—,—,大金冷氣(香港)有限公司,是
大金,FTKD25AV1H / RKD25AV1H,U1-C240026,2024,1,235,2.70,5.5430,R32,不適用,—,—,—,大金冷氣(香港)有限公司,是
大金,FTKD20ABV1H / RKD20ABV1H,U1-C240025,2024,1,186,2.01,5.4338,R32,不適用,—,—,—,大金冷氣(香港)有限公司,是
開利,42KLF018VS/38KLF018VS,U1-C240015,2024,2,588,5.33,4.4736,R410A,不適用,—,—,—,世紀開利家用空調有限公司,是
開利,42KLF022VS/38KLF022VS,U1-C240014,2024,1,676,6.36,4.7846,R410A,不適用,—,—,—,世紀開利家用空調有限公司,是
開利,42KLF012VS/38KLF012VS,U1-C240013,2024,2,402,3.64,4.4157,R410A,不適用,—,—,—,世紀開利家用空調有限公司,是
開利,42KLF009VS/38KLF009VS,U1-C240012,2024,2,312,2.63,4.2126,R410A,不適用,—,—,—,世紀開利家用空調有限公司,是
開利,42KHP012/38KHP012,U1-C230203,2023,1,378,3.45,4.7028,R410A,不適用,—,—,—,世紀開利家用空調有限公司,是
開利,42KHP009/38KHP009,U1-C230202,2023,1,258,2.64,5.1782,R410A,不適用,—,—,—,世紀開利家用空調有限公司,是
美的,MS-21CRF1D,U1-C230201,2023,1,671,6.48,4.7456,R410A,不適用,—,—,—,美的電器(香港)有限公司,是
品牌,型號,參考編號,年份 (*),能源效益級別(製冷)(1 至 5),每年耗電量(製冷)(千瓦小時),製冷量(千瓦),製冷季節性表現系數 (CSPF),製冷劑,能源效益級別(供暖)(1 至 5),每年耗電量(供暖)(千瓦小時),供暖量(千瓦),供暖季節性表現系數 (HSPF),資料提供者,變頻
格力,GISF24DBE / GISF24DBC,U1-C230200,2023,1,625,7.33,5.6924,R410A,1,71,7.55,4.4863,太平家庭電器,是
格力,GISF18DBE / GISF18DBC,U1-C230199,2023,1,510,5.53,5.2317,R410A,1,47,5.49,4.8216,太平家庭電器,是
格力,GISF12DBE / GISF12DBC,U1-C230198,2023,1,341,3.65,5.2598,R410A,1,33,3.93,4.9066,太平家庭電器,是
格力,GISF09DBE / GISF09DBC,U1-C230197,2023,1,243,2.68,5.4952,R410A,1,27,2.96,4.5500,太平家庭電器,是
格力,GICF24DBE / GICF24DBC,U1-C230195,2023,1,643,7.29,5.5323,R410A,不適用,—,—,—,太平家庭電器,是
格力,GICF18DBE / GICF18DBC,U1-C230194,2023,1,464,5.31,5.7459,R410A,不適用,—,—,—,太平家庭電器,是
格力,GICF12DBE / GICF12DBC,U1-C230193,2023,1,334,3.67,5.3720,R410A,不適用,—,—,—,太平家庭電器,是
格力,GICF09DBE / GICF09DBC,U1-C230192,2023,1,262,2.74,5.1010,R410A,不適用,—,—,—,太平家庭電器,是
格力,GSAF24DBE / GSAF24DBC,U1-C230191,2023,2,988,7.17,3.5998,R410A,不適用,—,—,—,太平家庭電器,否
格力,GSAF18DBE / GSAF18DBC,U1-C230190,2023,2,785,5.65,3.5151,R410A,不適用,—,—,—,太平家庭電器,否
格力,GSAF12DBE / GSAF12DBC,U1-C230189,2023,2,509,3.60,3.5559,R410A,不適用,—,—,—,太平家庭電器,否
格力,GSAF09DBE / GSAF09DBC,U1-C230188,2023,2,382,2.71,3.5345,R410A,不適用,—,—,—,太平家庭電器,否
海迅,HS024K/HS024KA,U1-C230166,2023,1,676,6.36,4.7846,R410A,不適用,—,—,—,捷迅冷氣水電工程有限公司,是
海迅,HS018K/HS018KA,U1-C230165,2023,2,588,5.33,4.4736,R410A,不適用,—,—,—,捷迅冷氣水電工程有限公司,是
海迅,HS012K/HS012KA,U1-C230164,2023,2,402,3.64,4.4157,R410A,不適用,—,—,—,捷迅冷氣水電工程有限公司,是
海迅,HS009K/HS009KA,U1-C230163,2023,2,312,2.63,4.2126,R410A,不適用,—,—,—,捷迅冷氣水電工程有限公司,是
卓爾,SAC-S12K12,U1-C230162,2023,2,509,3.60,3.5559,R410A,不適用,—,—,—,康富電器貿易有限公司,否
卓爾,SAC-S9K12,U1-C230161,2023,2,382,2.71,3.5345,R410A,不適用,—,—,—,康富電器貿易有限公司,否
美的,MS-18CRF1D,U1-C230160,2023,2,603,5.38,4.4265,R410A,不適用,—,—,—,美的電器(香港)有限公司,是
美的,MS-12CRF1D,U1-C230159,2023,2,400,3.65,4.4473,R410A,不適用,—,—,—,美的電器(香港)有限公司,是
美的,MS-09CRF1D,U1-C230158,2023,2,304,2.73,4.3902,R410A,不適用,—,—,—,美的電器(香港)有限公司,是
海爾,AS24PE1HRA/1U24WT1ERS,U1-C230157,2023,1,603,6.79,5.6153,R410A,1,56,6.83,5.1528,海爾國際有限公司,是
海爾,AS18PD1HRA/1U18WT1ERS,U1-C230156,2023,1,504,5.30,5.2165,R410A,1,52,5.33,4.3591,海爾國際有限公司,是
海爾,AS12PB1HRA/1U12MT1ERS,U1-C230155,2023,1,314,3.75,5.7076,R410A,1,34,3.82,4.7658,海爾國際有限公司,是
海爾,AS09PB2HRA/1U09YA1ERA,U1-C230154,2023,1,231,2.76,5.7965,R410A,1,21,2.95,5.3974,海爾國際有限公司,是
三菱重工,SRK10YN-S7 / SRC10YN-S7,U1-C230144,2023,1,240,2.57,5.2702,R410A,不適用,—,—,—,三菱重工業(香港)有限公司冷熱事業部,是
三菱重工,SRK24CS-S / SRC24CS-S,U1-C230134,2023,3,1084,7.36,3.3568,R410A,不適用,—,—,—,三菱重工業(香港)有限公司冷熱事業部,否
三菱重工,SRK18CS-S / SRC18CS-S,U1-C230133,2023,3,786,5.22,3.2821,R410A,不適用,—,—,—,三菱重工業(香港)有限公司冷熱事業部,否
三菱重工,SRK12CT-S / SRC12CT-S,U1-C230132,2023,3,511,3.52,3.4123,R410A,不適用,—,—,—,三菱重工業(香港)有限公司冷熱事業部,否
三菱重工,SRK09CTR-S / SRC09CTR-S,U1-C230131,2023,3,403,2.65,3.3080,R410A,不適用,—,—,—,三菱重工業(香港)有限公司冷熱事業部,否
三菱重工,SRK25CSS-S3/SRC25CSS-S3,U1-C230130,2023,2,986,7.49,3.7939,R410A,不適用,—,—,—,三菱重工業(香港)有限公司冷熱事業部,否
三菱重工,SRK19CSS-S3/SRC19CSS-S3,U1-C230129,2023,2,707,5.53,3.8606,R410A,不適用,—,—,—,三菱重工業(香港)有限公司冷熱事業部,否
三菱重工,SRK13CRS-S3/SRC13CRS-S3,U1-C230128,2023,2,488,3.52,3.7294,R410A,不適用,—,—,—,三菱重工業(香港)有限公司冷熱事業部,否
三菱重工,SRK10CRS-S3/SRC10CRS-S3,U1-C230127,2023,2,362,2.70,3.7699,R410A,不適用,—,—,—,三菱重工業(香港)有限公司冷熱事業部,否
三菱重工,SRK18YN-S7 / SRC18YN-S7,U1-C230126,2023,1,526,5.01,4.8028,R410A,不適用,—,—,—,三菱重工業(香港)有限公司冷熱事業部,是
三菱重工,SRK13YN-S7 / SRC13YN-S7,U1-C230125,2023,1,291,3.35,5.5592,R410A,不適用,—,—,—,三菱重工業(香港)有限公司冷熱事業部,是
三菱重工,SRK35MUVP1 / SRC35MUVP1,U1-C230124,2023,1,277,3.26,5.9331,R410A,1,36,4.17,5.0555,三菱重工業(香港)有限公司冷熱事業部,是
三菱重工,SRK25MUVP1 / SRC25MUVP1,U1-C230123,2023,1,207,2.64,6.4615,R410A,1,28,3.22,5.1152,三菱重工業(香港)有限公司冷熱事業部,是
三菱重工,SRK50EEC1 / SRC50EEC1,U1-C230121,2023,1,516,5.06,4.9025,R32,不適用,—,—,—,三菱重工業(香港)有限公司冷熱事業部,是
三菱重工,SRK35EEC1 / SRC35EEC1,U1-C230120,2023,1,351,3.53,5.0464,R32,不適用,—,—,—,三菱重工業(香港)有限公司冷熱事業部,是
三菱重工,SRK25EEC1 / SRC25EEC1,U1-C230119,2023,1,233,2.55,5.4294,R32,不適用,—,—,—,三菱重工業(香港)有限公司冷熱事業部,是
三菱重工,SRK50REC1 / SRC50REC1,U1-C230118,2023,1,516,5.06,4.9025,R32,不適用,—,—,—,三菱重工業(香港)有限公司冷熱事業部,是
三菱重工,SRK35REC1 / SRC35REC1,U1-C230117,2023,1,351,3.53,5.0464,R32,不適用,—,—,—,三菱重工業(香港)有限公司冷熱事業部,是
三菱重工,SRK25REC1 / SRC25REC1,U1-C230116,2023,1,233,2.55,5.4294,R32,不適用,—,—,—,三菱重工業(香港)有限公司冷熱事業部,是
格力,GSY18BXAE / GSY18BXAC,U1-C230108,2023,1,436,5.38,6.1489,R32,1,48,5.68,5.0963,太平家庭電器,是
格力,GSY12BXAE / GSY12BXAC,U1-C230107,2023,1,297,3.54,6.0131,R32,1,35,4.23,5.2675,太平家庭電器,是
格力,GSY09BXAE / GSY09BXAC,U1-C230106,2023,1,191,2.74,7.1427,R32,1,27,3.68,5.7392,太平家庭電器,是
開利,42KHG022DSP/38KHG022DSP,U1-C230101,2023,1,705,6.43,4.6263,R410A,不適用,—,—,—,世紀開利家用空調有限公司,是
開利,42KHG018DSP/38KHG018DSP,U1-C230100,2023,1,561,5.33,4.7621,R410A,不適用,—,—,—,世紀開利家用空調有限公司,是
開利,42KHG012DSP/38KHG012DSP,U1-C230099,2023,1,353,3.56,5.0148,R410A,不適用,—,—,—,世紀開利家用空調有限公司,是
品牌,型號,參考編號,年份 (*),能源效益級別(製冷)(1 至 5),每年耗電量(製冷)(千瓦小時),製冷量(千瓦),製冷季節性表現系數 (CSPF),製冷劑,能源效益級別(供暖)(1 至 5),每年耗電量(供暖)(千瓦小時),供暖量(千瓦),供暖季節性表現系數 (HSPF),資料提供者,變頻
開利,42KHG009DSP/38KHG009DSP,U1-C230098,2023,1,251,2.63,5.3251,R410A,不適用,—,—,—,世紀開利家用空調有限公司,是
Panasonic,CS-LZ18ZKA / CU-LZ18ZKA,U1-C230076,2023,1,523,5.33,5.1369,R32,1,41,4.63,4.7989,信興電器貿易有限公司,是
Panasonic,CS-LZ12ZKA / CU-LZ12ZKA,U1-C230075,2023,1,290,3.27,5.6703,R32,1,38,4.13,4.8125,信興電器貿易有限公司,是
Panasonic,CS-LZ9ZKA / CU-LZ9ZKA,U1-C230074,2023,1,216,2.64,6.0569,R32,1,30,3.29,4.7579,信興電器貿易有限公司,是
Panasonic,CS-Z24ZKA / CU-Z24ZKA,U1-C230073,2023,1,530,6.40,6.1061,R32,1,64,7.91,5.3911,信興電器貿易有限公司,是
Panasonic,CS-Z18ZKA / CU-Z18ZKA,U1-C230072,2023,1,410,5.28,6.4142,R32,1,45,5.73,5.5327,信興電器貿易有限公司,是
Panasonic,CS-Z12ZKA / CU-Z12ZKA,U1-C230071,2023,1,262,3.59,6.7568,R32,1,30,4.06,5.6952,信興電器貿易有限公司,是
Panasonic,CS-Z9ZKA / CU-Z9ZKA,U1-C230070,2023,1,199,2.84,7.1102,R32,1,25,3.44,5.9342,信興電器貿易有限公司,是
Panasonic,CS-LU18ZKA / CU-LU18ZKA,U1-C230069,2023,1,516,5.34,5.2018,R32,不適用,—,—,—,信興電器貿易有限公司,是
Panasonic,CS-LU12ZKA / CU-LU12ZKA,U1-C230068,2023,1,295,3.21,5.5672,R32,不適用,—,—,—,信興電器貿易有限公司,是
Panasonic,CS-LU9ZKA / CU-LU9ZKA,U1-C230067,2023,1,233,2.70,5.6118,R32,不適用,—,—,—,信興電器貿易有限公司,是
樂信牌,RS-LU18ZK / RU-LU18ZK,U1-C230059,2023,1,516,5.34,5.2027,R32,不適用,—,—,—,信興電工工程有限公司,是
樂信牌,RS-LU12ZK / RU-LU12ZK,U1-C230058,2023,1,295,3.21,5.5672,R32,不適用,—,—,—,信興電工工程有限公司,是
樂信牌,RS-LU9ZK / RU-LU9ZK,U1-C230057,2023,1,233,2.70,5.6118,R32,不適用,—,—,—,信興電工工程有限公司,是
三菱重工,SRK53QE3 / SRC53QE3,U1-C230056,2023,1,527,5.19,5.0824,R410A,1,66,6.12,4.0054,三菱重工業(香港)有限公司冷熱事業部,是
三菱重工,SRK35QE3 / SRC35QE3,U1-C230055,2023,1,319,3.48,5.5532,R410A,1,39,4.27,4.8426,三菱重工業(香港)有限公司冷熱事業部,是
三菱重工,SRK25QE3 / SRC25QE3,U1-C230054,2023,1,218,2.48,5.8037,R410A,1,30,3.34,4.9099,三菱重工業(香港)有限公司冷熱事業部,是
樂信牌,RS-LZ18ZK / RU-LZ18ZK,U1-C230047,2023,1,523,5.33,5.1369,R32,1,41,4.63,4.7989,信興電工工程有限公司,是
樂信牌,RS-LZ12ZK / RU-LZ12ZK,U1-C230046,2023,1,290,3.27,5.6703,R32,1,38,4.13,4.8125,信興電工工程有限公司,是
樂信牌,RS-LZ9ZK / RU-LZ9ZK,U1-C230045,2023,1,216,2.64,6.0569,R32,1,30,3.29,4.7579,信興電工工程有限公司,是
開利,42KAF022/38KAF022,U1-C230034,2023,1,676,6.36,4.7846,R410A,不適用,—,—,—,世紀開利家用空調有限公司,是
開利,42KAF018/38KAF018,U1-C230033,2023,2,588,5.33,4.4736,R410A,不適用,—,—,—,世紀開利家用空調有限公司,是
開利,42KAF012/38KAF012,U1-C230032,2023,2,402,3.64,4.4157,R410A,不適用,—,—,—,世紀開利家用空調有限公司,是
開利,42KAF009/38KAF009,U1-C230031,2023,2,312,2.63,4.2126,R410A,不適用,—,—,—,世紀開利家用空調有限公司,是
大松,S12VC100N / S12VC100U,U1-C230012,2023,1,353,3.26,4.5859,R410A,不適用,—,—,—,宏俊有限公司,是
大松,S09VC100N / S09VC100U,U1-C230011,2023,1,265,2.71,4.9676,R410A,不適用,—,—,—,宏俊有限公司,是
美的,MS-22HRF1C,U1-C220253,2022,1,717,6.50,4.5835,R410A,1,68,7.21,4.5829,美的電器(香港)有限公司,是
美的,MS-18HRF1C,U1-C220252,2022,1,508,5.52,5.1764,R410A,1,56,6.05,4.6626,美的電器(香港)有限公司,是
美的,MS-12HRF1C,U1-C220251,2022,1,339,3.54,5.2233,R410A,1,34,3.88,4.8222,美的電器(香港)有限公司,是
TCL,TAC-24CHSD/TPG31,U1-C220246,2022,1,687,7.12,5.3004,R32,1,67,7.04,4.6881,TCL Overseas,是
TCL,TAC-18CHSD/TPG31,U1-C220245,2022,1,484,5.55,5.4364,R32,1,48,5.35,4.7143,TCL Overseas,是
TCL,TAC-12CHSD/TPG31,U1-C220244,2022,1,318,3.58,5.5732,R32,1,39,4.41,5.0474,TCL Overseas,是
TCL,TAC-09CHSD/TPG31,U1-C220243,2022,1,272,2.82,4.9131,R32,1,37,3.96,4.8085,TCL Overseas,是
美的,MS-09HRF1C,U1-C220239,2022,1,250,2.65,5.2533,R410A,1,30,3.28,4.6299,美的電器(香港)有限公司,是
Panasonic,CS-YU24ZKA / CU-YU24ZKA,U1-C220213,2022,1,622,6.86,5.5281,R32,不適用,—,—,—,信興電器貿易有限公司,是
Panasonic,CS-YU18ZKA / CU-YU18ZKA,U1-C220212,2022,1,389,5.62,6.8888,R32,不適用,—,—,—,信興電器貿易有限公司,是
Panasonic,CS-YU12ZKA / CU-YU12ZKA,U1-C220211,2022,1,288,3.46,6.1458,R32,不適用,—,—,—,信興電器貿易有限公司,是
Panasonic,CS-YU9ZKA / CU-YU9ZKA,U1-C220210,2022,1,214,2.66,6.1363,R32,不適用,—,—,—,信興電器貿易有限公司,是
Panasonic,CS-PN24ZKA / CU-PN24ZKA,U1-C220209,2022,3,1022,6.84,3.3298,R32,不適用,—,—,—,信興電器貿易有限公司,否
Panasonic,CS-PN18ZKA / CU-PN18ZKA,U1-C220208,2022,3,765,5.31,3.4895,R32,不適用,—,—,—,信興電器貿易有限公司,否
Panasonic,CS-PN12ZKA / CU-PN12ZKA,U1-C220207,2022,3,526,3.49,3.3853,R32,不適用,—,—,—,信興電器貿易有限公司,否
Panasonic,CS-PN9ZKA / CU-PN9ZKA,U1-C220206,2022,3,393,2.74,3.4107,R32,不適用,—,—,—,信興電器貿易有限公司,否
樂信牌,RS-YU24ZK / RU-YU24ZK,U1-C220200,2022,1,622,6.86,5.5281,R32,不適用,—,—,—,信興電工工程有限公司,是
樂信牌,RS-YU18ZK / RU-YU18ZK,U1-C220199,2022,1,389,5.62,6.8888,R32,不適用,—,—,—,信興電工工程有限公司,是
樂信牌,RS-YU12ZK / RU-YU12ZK,U1-C220198,2022,1,288,3.46,6.1458,R32,不適用,—,—,—,信興電工工程有限公司,是
樂信牌,RS-YU9ZK / RU-YU9ZK,U1-C220197,2022,1,214,2.66,6.1363,R32,不適用,—,—,—,信興電工工程有限公司,是
Panasonic,CS-RZ28YKA / CU-RZ28YKA,U1-C220172,2022,1,640,7.93,5.9297,R32,1,76,8.87,4.9165,信興電工工程有限公司,是
珍寶,ASWX09BNTA / AOWX09BNTA,U1-C220171,2022,3,403,2.71,3.3257,R32,不適用,—,—,—,第一電業有限公司,否
LG,LGHP12S,U1-C220164,2022,1,306,3.43,5.6140,R32,1,35,4.14,4.9581,LG Electronics HK Ltd,是
LG,LGHP09S,U1-C220163,2022,1,219,2.69,6.0071,R32,1,27,3.29,5.1643,LG Electronics HK Ltd,是
品牌,型號,參考編號,年份 (*),能源效益級別(製冷)(1 至 5),每年耗電量(製冷)(千瓦小時),製冷量(千瓦),製冷季節性表現系數 (CSPF),製冷劑,能源效益級別(供暖)(1 至 5),每年耗電量(供暖)(千瓦小時),供暖量(千瓦),供暖季節性表現系數 (HSPF),資料提供者,變頻
珍寶,ASWG12CPTA / AOWG12CPTA,U1-C220155,2022,1,320,3.61,5.3458,R32,不適用,—,—,—,第一電業有限公司,是
麥克維爾,M5WM15L/M5LC15F,U1-C220154,2022,4,543,3.34,3.0545,R410A,不適用,—,—,—,麥克維爾,否
麥克維爾,M5WM10L/M5LC10F,U1-C220153,2022,3,426,2.74,3.1718,R410A,不適用,—,—,—,麥克維爾,否
珍寶,ASWG24CPTA / AOWG24CPTA,U1-C220152,2022,1,646,7.20,5.5114,R32,不適用,—,—,—,第一電業有限公司,是
珍寶,ASWG18CPTA / AOWG18CPTA,U1-C220151,2022,1,486,5.38,5.1992,R32,不適用,—,—,—,第一電業有限公司,是
珍寶,ASWG09CPTA / AOWG09CPTA,U1-C220150,2022,1,272,2.84,5.0130,R32,不適用,—,—,—,第一電業有限公司,是
樂信牌,RS-S18KI / RU-S18KI,U1-C220128,2022,1,561,5.33,4.7621,R410A,不適用,—,—,—,信興電工工程有限公司,是
樂信牌,RS-S12KI / RU-S12KI,U1-C220127,2022,1,353,3.56,5.0148,R410A,不適用,—,—,—,信興電工工程有限公司,是
樂信牌,RS-S9KI / RU-S9KI,U1-C220126,2022,1,251,2.63,5.3251,R410A,不適用,—,—,—,信興電工工程有限公司,是
開利,42QHE024VS/38QHE024VS,U1-C220125,2022,1,648,7.12,5.4911,R32,1,71,7.40,4.4500,世紀開利家用空調有限公司,是
開利,42QHE018VS/38QHE018VS,U1-C220124,2022,1,431,5.31,6.1880,R32,1,51,5.77,4.8470,世紀開利家用空調有限公司,是
開利,42QHE012VS/38QHE012VS,U1-C220123,2022,1,315,3.53,5.6424,R32,1,34,3.87,4.9497,世紀開利家用空調有限公司,是
開利,42QHE009VS/38QHE009VS,U1-C220122,2022,1,232,2.64,5.7546,R32,1,27,3.15,4.9099,世紀開利家用空調有限公司,是
Panasonic,CS-U12YWA/CU-U12YWA,U1-C220121,2022,1,331,3.51,5.3813,R32,不適用,—,—,—,信興電器貿易有限公司,是
樂信牌,RS-U18YW/RU-U18YW,U1-C220117,2022,1,513,5.17,5.2323,R32,不適用,—,—,—,信興電工工程有限公司,是
樂信牌,RS-U12YW/RU-U12YW,U1-C220116,2022,1,331,3.51,5.3813,R32,不適用,—,—,—,信興電工工程有限公司,是
樂信牌,RS-U9YW/RU-U9YW,U1-C220115,2022,1,269,2.76,4.9874,R32,不適用,—,—,—,信興電工工程有限公司,是
Panasonic,CS-U18YWA/CU-U18YWA,U1-C220104,2022,1,513,5.17,5.2323,R32,不適用,—,—,—,信興電器貿易有限公司,是
Panasonic,CS-U9YWA/CU-U9YWA,U1-C220103,2022,1,269,2.76,4.9874,R32,不適用,—,—,—,信興電器貿易有限公司,是
豐澤牌,FSAV18M22,U1-C220101,2022,1,561,5.33,4.7621,R410A,不適用,—,—,—,屈臣氏零售(香港),是
豐澤牌,FSAV12M22,U1-C220100,2022,1,353,3.56,5.0148,R410A,不適用,—,—,—,屈臣氏零售(香港),是
豐澤牌,FSAV09M22,U1-C220099,2022,1,251,2.63,5.3251,R410A,不適用,—,—,—,屈臣氏零售(香港),是
格力,GIMC2212XAE/GIMC2212XAC,U1-C220079,2022,1,353,3.26,4.5859,R410A,不適用,—,—,—,太平家庭電器,是
格力,GIMC2209XAE/GIMC2209XAC,U1-C220078,2022,1,265,2.71,4.9676,R410A,不適用,—,—,—,太平家庭電器,是
Panasonic,CS-RU24YKA/CU-RU24YKA,U1-C220073,2022,1,622,6.86,5.5281,R32,不適用,—,—,—,信興電器貿易有限公司,是
Panasonic,CS-RU18YKA/CU-RU18YKA,U1-C220072,2022,1,389,5.62,6.8888,R32,不適用,—,—,—,信興電器貿易有限公司,是
Panasonic,CS-RU12YKA/CU-RU12YKA,U1-C220071,2022,1,288,3.46,6.1458,R32,不適用,—,—,—,信興電器貿易有限公司,是
Panasonic,CS-RU9YKA/CU-RU9YKA,U1-C220070,2022,1,214,2.66,6.1363,R32,不適用,—,—,—,信興電器貿易有限公司,是
Panasonic,CS-RZ24YKA/CU-RZ24YKA,U1-C220069,2022,1,603,6.66,5.5317,R32,1,66,7.92,5.2826,信興電器貿易有限公司,是
Panasonic,CS-RZ18YKA/CU-RZ18YKA,U1-C220068,2022,1,429,5.26,6.1265,R32,1,47,5.75,5.3537,信興電器貿易有限公司,是
Panasonic,CS-RZ12YKA/CU-RZ12YKA,U1-C220067,2022,1,284,3.46,6.2200,R32,1,33,3.93,5.3370,信興電器貿易有限公司,是
Panasonic,CS-RZ9YKA/CU-RZ9YKA,U1-C220066,2022,1,200,2.52,6.3320,R32,1,26,3.11,5.0982,信興電器貿易有限公司,是
樂信牌,RS-RZ24YK / RU-RZ24YK,U1-C220062,2022,1,603,6.66,5.5317,R32,1,66,7.92,5.2826,信興電工工程有限公司,是
樂信牌,RS-RZ18YK / RU-RZ18YK,U1-C220061,2022,1,429,5.26,6.1265,R32,1,47,5.75,5.3537,信興電工工程有限公司,是
樂信牌,RS-RZ12YK / RU-RZ12YK,U1-C220060,2022,1,284,3.46,6.2200,R32,1,33,3.93,5.3370,信興電工工程有限公司,是
樂信牌,RS-RZ9YK / RU-RZ9YK,U1-C220059,2022,1,200,2.52,6.3320,R32,1,26,3.11,5.0982,信興電工工程有限公司,是
Comfee',CF-22VAGF-H,U1-C210173,2021,1,706,6.55,4.7190,R410A,不適用,—,—,—,東芝香港有限公司,是
Comfee',CF-18VAGF-H,U1-C210172,2021,1,561,5.33,4.7621,R410A,不適用,—,—,—,東芝香港有限公司,是
Comfee',CF-12VAGF-H,U1-C210171,2021,1,353,3.56,5.0148,R410A,不適用,—,—,—,東芝香港有限公司,是
Comfee',CF-09VAGF-H,U1-C210170,2021,1,251,2.63,5.3251,R410A,不適用,—,—,—,東芝香港有限公司,是
Morita Denko,NMDSA22CF1A,U1-C210135,2021,1,706,6.55,4.7190,R410A,不適用,—,—,—,美的電器(香港)有限公司,是
Morita Denko,NMDSA18CF1A,U1-C210134,2021,1,561,5.33,4.7621,R410A,不適用,—,—,—,美的電器(香港)有限公司,是
Morita Denko,NMDSA12CF1A,U1-C210133,2021,1,353,3.56,5.0148,R410A,不適用,—,—,—,美的電器(香港)有限公司,是
Morita Denko,NMDSA09CF1A,U1-C210132,2021,1,251,2.63,5.3251,R410A,不適用,—,—,—,美的電器(香港)有限公司,是
日立牌,RAS-DX18HNK/RAC-DX18HNK,U1-C210128,2021,1,538,5.54,4.9780,R410A,1,49,4.49,4.0036,阿奇立克日立家電(香港)有限公司,是
日立牌,RAS-DX13HNK/RAC-DX13HNK,U1-C210127,2021,1,310,3.35,5.2631,R410A,1,41,4.06,4.4824,阿奇立克日立家電(香港)有限公司,是
日立牌,RAS-DX10HNK/RAC-DX10HNK,U1-C210126,2021,1,238,2.57,5.3103,R410A,1,29,3.24,4.7139,阿奇立克日立家電(香港)有限公司,是
東芝,RAS-24J2KV(HK),U1-C210125,2021,1,688,7.00,5.2178,R410A,1,73,7.96,4.7298,東芝香港有限公司,是
東芝,RAS-22J2KV(HK),U1-C210124,2021,1,616,6.51,5.3307,R410A,1,75,7.39,4.3731,東芝香港有限公司,是
東芝,RAS-18J2KV(HK),U1-C210123,2021,1,470,4.95,5.3822,R410A,1,57,5.88,4.5862,東芝香港有限公司,是
品牌,型號,參考編號,年份 (*),能源效益級別(製冷)(1 至 5),每年耗電量(製冷)(千瓦小時),製冷量(千瓦),製冷季節性表現系數 (CSPF),製冷劑,能源效益級別(供暖)(1 至 5),每年耗電量(供暖)(千瓦小時),供暖量(千瓦),供暖季節性表現系數 (HSPF),資料提供者,變頻
東芝,RAS-13J2KV(HK),U1-C210122,2021,1,365,3.42,4.8478,R410A,1,41,4.03,4.3822,東芝香港有限公司,是
東芝,RAS-10J2KV(HK),U1-C210121,2021,1,279,2.47,4.5342,R410A,1,32,3.12,4.3572,東芝香港有限公司,是
海爾,HSU-25VTH21,U1-C210120,2021,1,650,7.43,5.7147,R32,不適用,—,—,—,海爾國際有限公司,是
海爾,HSU-19VTK21,U1-C210119,2021,1,576,5.10,4.6548,R32,不適用,—,—,—,海爾國際有限公司,是
海爾,HSU-13VTK21,U1-C210118,2021,1,408,3.65,4.5392,R32,不適用,—,—,—,海爾國際有限公司,是
海爾,HSU-10VTK21,U1-C210117,2021,1,305,2.75,4.6121,R32,不適用,—,—,—,海爾國際有限公司,是
肯特,TS-22DV/TS-22DAV,U1-C210116,2021,1,676,6.36,4.7846,R410A,不適用,—,—,—,世紀開利家用空調有限公司,是
肯特,TS-18DV/TS-18DAV,U1-C210115,2021,2,588,5.33,4.4736,R410A,不適用,—,—,—,世紀開利家用空調有限公司,是
肯特,TS-12DV/TS-12DAV,U1-C210114,2021,2,402,3.64,4.4157,R410A,不適用,—,—,—,世紀開利家用空調有限公司,是
肯特,TS-09DV/TS-09DAV,U1-C210113,2021,2,312,2.63,4.2126,R410A,不適用,—,—,—,世紀開利家用空調有限公司,是
東芝,RAS-24J2KCV(HK),U1-C210112,2021,1,688,7.00,5.2178,R410A,不適用,—,—,—,東芝香港有限公司,是
東芝,RAS-22J2KCV(HK),U1-C210111,2021,1,549,6.03,5.5207,R410A,不適用,—,—,—,東芝香港有限公司,是
東芝,RAS-18J2KCV(HK),U1-C210110,2021,1,558,5.06,4.7957,R410A,不適用,—,—,—,東芝香港有限公司,是
東芝,RAS-13J2KCV(HK),U1-C210109,2021,1,387,3.53,4.6967,R410A,不適用,—,—,—,東芝香港有限公司,是
東芝,RAS-10J2KCV(HK),U1-C210108,2021,1,288,2.72,4.7346,R410A,不適用,—,—,—,東芝香港有限公司,是
開利,42KHA022VS/38KHA022VS,U1-C210107,2021,1,676,6.36,4.7846,R410A,不適用,—,—,—,世紀開利家用空調有限公司,是
開利,42KHA018VS/38KHA018VS,U1-C210106,2021,2,588,5.33,4.4736,R410A,不適用,—,—,—,世紀開利家用空調有限公司,是
開利,42KHA012VS/38KHA012VS,U1-C210105,2021,2,402,3.64,4.4157,R410A,不適用,—,—,—,世紀開利家用空調有限公司,是
開利,42KHA009VS/38KHA009VS,U1-C210104,2021,2,312,2.63,4.2126,R410A,不適用,—,—,—,世紀開利家用空調有限公司,是
三菱電機,MSZ-GS27VF / MUZ-GS27VF,U1-C210103,2021,1,674,7.35,5.3996,R32,1,81,8.46,4.4236,三菱電機,是
三菱電機,MSZ-GS24VF / MUZ-GS24VF,U1-C210102,2021,1,601,6.66,5.5541,R32,1,67,7.39,4.6528,三菱電機,是
三菱電機,MSY-GS27VF / MUY-GS27VF,U1-C210101,2021,1,677,7.38,5.3782,R32,不適用,—,—,—,三菱電機,是
三菱電機,MSY-GS24VF / MUY-GS24VF,U1-C210100,2021,1,618,6.81,5.4030,R32,不適用,—,—,—,三菱電機,是
三菱電機,MSZ-LN22VFV / MUZ-LN22VF,U1-C210095,2021,1,576,6.17,5.3517,R32,1,61,6.88,4.8628,三菱電機,是
三菱電機,MSZ-LN22VFR / MUZ-LN22VF,U1-C210094,2021,1,576,6.17,5.3517,R32,1,61,6.88,4.8628,三菱電機,是
三菱電機,MSZ-LN22VFB / MUZ-LN22VF,U1-C210093,2021,1,576,6.17,5.3517,R32,1,61,6.88,4.8628,三菱電機,是
LG,HS-18IPX,U1-C210076,2021,1,530,5.38,5.0356,R32,不適用,—,—,—,LG Electronics HK Ltd,是
LG,HS-12IPX,U1-C210075,2021,1,300,3.26,5.5516,R32,不適用,—,—,—,LG Electronics HK Ltd,是
LG,HS-09IPX,U1-C210074,2021,1,241,2.70,5.4500,R32,不適用,—,—,—,LG Electronics HK Ltd,是
美的,MS-12CRF1B,U1-C210056,2021,1,353,3.56,5.0148,R410A,不適用,—,—,—,美的電器(香港)有限公司,是
美的,MS-24HRF8B,U1-C210011,2021,1,629,7.05,5.6522,R32,1,65,7.20,4.7598,美的電器(香港)有限公司,是
美的,MS-18HRF8B,U1-C210010,2021,1,438,5.29,6.0821,R32,1,47,5.33,4.9440,美的電器(香港)有限公司,是
美的,MS-12HRF8B,U1-C210009,2021,1,256,3.54,6.9530,R32,1,34,3.59,4.5332,美的電器(香港)有限公司,是
美的,MS-09HRF8B,U1-C210008,2021,1,173,2.65,7.7003,R32,1,22,2.79,5.4184,美的電器(香港)有限公司,是
美的,MS-22CRFB,U1-C210007,2021,1,706,6.55,4.7190,R410A,不適用,—,—,—,美的電器(香港)有限公司,是
美的,MS-18CRFB,U1-C210006,2021,1,561,5.33,4.7621,R410A,不適用,—,—,—,美的電器(香港)有限公司,是
美的,MS-09CRFB,U1-C210004,2021,1,251,2.63,5.3251,R410A,不適用,—,—,—,美的電器(香港)有限公司,是
Comfee',CFS-18VGPF,U1-C205127,2025,1,534,5.55,5.0362,R32,不適用,—,—,—,東芝香港有限公司,是
三菱電機,MSZ-LN18VFV / MUZ-LN18VF,U1-C200142,2020,1,437,5.05,5.7857,R32,1,51,6.18,5.0745,三菱電機,是
三菱電機,MSZ-LN12VFV / MUZ-LN12VF,U1-C200141,2020,1,267,3.48,6.6183,R32,1,32,4.04,5.4798,三菱電機,是
三菱電機,MSZ-LN09VFV / MUZ-LN09VF,U1-C200140,2020,1,184,2.50,6.8703,R32,1,24,3.33,5.6800,三菱電機,是
三菱電機,MSZ-LN18VFR / MUZ-LN18VF,U1-C200139,2020,1,437,5.05,5.7857,R32,1,51,6.18,5.0745,三菱電機,是
三菱電機,MSZ-LN12VFR / MUZ-LN12VF,U1-C200138,2020,1,267,3.48,6.6183,R32,1,32,4.04,5.4798,三菱電機,是
三菱電機,MSZ-LN09VFR / MUZ-LN09VF,U1-C200137,2020,1,184,2.50,6.8703,R32,1,24,3.33,5.6800,三菱電機,是
三菱電機,MSZ-LN18VFB / MUZ-LN18VF,U1-C200136,2020,1,437,5.05,5.7857,R32,1,51,6.18,5.0745,三菱電機,是
三菱電機,MSZ-LN12VFB / MUZ-LN12VF,U1-C200135,2020,1,267,3.48,6.6183,R32,1,32,4.04,5.4798,三菱電機,是
三菱電機,MSZ-LN09VFB / MUZ-LN09VF,U1-C200134,2020,1,184,2.50,6.8703,R32,1,24,3.33,5.6800,三菱電機,是
大松,S18H35N / S18H35U,U1-C200133,2020,1,501,5.10,5.0411,R410A,1,51,5.20,4.3741,宏俊有限公司,是
大松,S18C4AN / S18C4AU,U1-C200132,2020,2,768,5.57,3.5555,R410A,不適用,—,—,—,宏俊有限公司,否
大松,S24C4AN / S24C4AU,U1-C200129,2020,2,993,7.04,3.5797,R410A,不適用,—,—,—,宏俊有限公司,否
品牌,型號,參考編號,年份 (*),能源效益級別(製冷)(1 至 5),每年耗電量(製冷)(千瓦小時),製冷量(千瓦),製冷季節性表現系數 (CSPF),製冷劑,能源效益級別(供暖)(1 至 5),每年耗電量(供暖)(千瓦小時),供暖量(千瓦),供暖季節性表現系數 (HSPF),資料提供者,變頻
大松,S12C4AN / S12C4AU,U1-C200128,2020,2,502,3.65,3.6060,R410A,不適用,—,—,—,宏俊有限公司,否
大松,S09C4AN / S09C4AU,U1-C200127,2020,2,367,2.77,3.6761,R410A,不適用,—,—,—,宏俊有限公司,否
三菱電機,MSZ-GS18VF / MUZ-GS18VF,U1-C200094,2020,1,469,4.87,5.3883,R32,1,38,4.59,5.1381,三菱電機,是
三菱電機,MSZ-GS12VF / MUZ-GS12VF,U1-C200093,2020,1,282,3.41,6.1055,R32,1,35,4.02,4.9800,三菱電機,是
三菱電機,MSZ-GS09VF / MUZ-GS09VF,U1-C200092,2020,1,211,2.61,6.0965,R32,1,26,3.28,5.2989,三菱電機,是
三菱電機,MSZ-GS07VF / MUZ-GS07VF,U1-C200091,2020,1,183,2.28,6.0911,R32,1,19,2.43,5.3614,三菱電機,是
三菱電機,MSY-GS18VF / MUY-GS18VF,U1-C200090,2020,1,465,4.99,5.4365,R32,不適用,—,—,—,三菱電機,是
三菱電機,MSY-GS12VF / MUY-GS12VF,U1-C200089,2020,1,280,3.42,6.1407,R32,不適用,—,—,—,三菱電機,是
三菱電機,MSY-GS09VF / MUY-GS09VF,U1-C200088,2020,1,211,2.62,6.1164,R32,不適用,—,—,—,三菱電機,是
三菱電機,MSY-GS07VF / MUY-GS07VF,U1-C200087,2020,1,182,2.29,6.1238,R32,不適用,—,—,—,三菱電機,是
三菱電機,PKA-RP71KAL,U1-C200084,2020,1,616,7.17,5.8242,R410A,1,77,7.99,4.4894,三菱電機,是
三菱電機,PKA-RP50HAL,U1-C200083,2020,1,486,4.55,4.7888,R410A,1,50,4.85,4.3676,三菱電機,是
樂信牌,RS-S24KE / RU-S24KE,U1-C200078,2020,1,692,7.10,5.1389,R410A,不適用,—,—,—,信興電工工程有限公司,是
樂信牌,RS-S18KE / RU-S18KE,U1-C200077,2020,1,527,5.39,5.0891,R410A,不適用,—,—,—,信興電工工程有限公司,是
樂信牌,RS-S12KE / RU-S12KE,U1-C200076,2020,1,333,3.68,5.3386,R410A,不適用,—,—,—,信興電工工程有限公司,是
樂信牌,RS-S9KE / RU-S9KE,U1-C200075,2020,1,266,2.77,5.0234,R410A,不適用,—,—,—,信興電工工程有限公司,是
冰點,FI-40HRA / FU-40HRA,U1-C200074,2020,1,378,4.03,5.3452,R410A,1,41,3.94,4.2823,冰點空調(香港)有限公司,是
冰點,FI-40CRA / FU-40CRA,U1-C200073,2020,1,381,4.05,5.3055,R410A,不適用,—,—,—,冰點空調(香港)有限公司,是
東芝,RAS-24J2KV-HK,U1-C200070,2020,1,688,7.00,5.2178,R410A,1,73,7.96,4.7298,開利(香港)有限公司,是
樂信牌,RS-V24KE / RU-V24KE,U1-C200069,2020,2,993,7.04,3.5797,R410A,不適用,—,—,—,信興電工工程有限公司,否
樂信牌,RS-V18KE / RU-V18KE,U1-C200068,2020,2,768,5.57,3.5555,R410A,不適用,—,—,—,信興電工工程有限公司,否
樂信牌,RS-V12KE / RU-V12KE,U1-C200067,2020,2,502,3.65,3.6060,R410A,不適用,—,—,—,信興電工工程有限公司,否
樂信牌,RS-V9KE / RU-V9KE,U1-C200066,2020,2,367,2.77,3.6761,R410A,不適用,—,—,—,信興電工工程有限公司,否
日立牌,RAS-DX18CWK/RAC-DX18CWK,U1-C200065,2020,1,590,5.10,4.5359,R32,不適用,—,—,—,阿奇立克日立家電(香港)有限公司,是
日立牌,RAS-DX13CWK/RAC-DX13CWK,U1-C200064,2020,1,316,3.12,5.1622,R32,不適用,—,—,—,阿奇立克日立家電(香港)有限公司,是
日立牌,RAS-DX10CWK/RAC-DX10CWK,U1-C200063,2020,1,247,2.46,5.1096,R32,不適用,—,—,—,阿奇立克日立家電(香港)有限公司,是
豐澤牌,FSA18M20,U1-C200062,2020,2,725,5.13,3.6778,R410A,不適用,—,—,—,屈臣氏零售(香港),否
豐澤牌,FSA12M20,U1-C200061,2020,2,490,3.46,3.6316,R410A,不適用,—,—,—,屈臣氏零售(香港),否
冰點,FI-50CRA / FU-50CRA,U1-C200053,2020,1,482,4.96,5.2436,R410A,不適用,—,—,—,冰點空調(香港)有限公司,是
東芝,RAS-13J2KV-HK,U1-C200052,2020,1,365,3.42,4.8478,R410A,1,41,4.03,4.3822,開利(香港)有限公司,是
東芝,RAS-10J2KV-HK,U1-C200051,2020,1,279,2.47,4.5342,R410A,1,32,3.12,4.3572,開利(香港)有限公司,是
樂信牌,RS-LS18WK / RU-LS18WK,U1-C200050,2020,1,544,5.32,4.9366,R410A,不適用,—,—,—,信興電工工程有限公司,是
樂信牌,RS-LS12WK / RU-LS12WK,U1-C200049,2020,1,299,3.22,5.4939,R410A,不適用,—,—,—,信興電工工程有限公司,是
樂信牌,RS-LS9WK / RU-LS9WK,U1-C200048,2020,1,243,2.58,5.3898,R410A,不適用,—,—,—,信興電工工程有限公司,是
樂信牌,RS-LE18WK / RU-LE18WK,U1-C200047,2020,1,531,5.27,5.0597,R410A,1,44,4.44,4.4519,信興電工工程有限公司,是
樂信牌,RS-LE12WK / RU-LE12WK,U1-C200046,2020,1,306,3.17,5.3645,R410A,1,38,4.08,4.7571,信興電工工程有限公司,是
樂信牌,RS-LE9WK / RU-LE9WK,U1-C200045,2020,1,244,2.63,5.3718,R410A,1,30,3.13,4.6337,信興電工工程有限公司,是
Panasonic,CS-LS18WKA / CU-LS18WKA,U1-C200044,2020,1,544,5.32,4.9366,R410A,不適用,—,—,—,信興電器貿易有限公司,是
Panasonic,CS-LS12WKA / CU-LS12WKA,U1-C200043,2020,1,299,3.22,5.4939,R410A,不適用,—,—,—,信興電器貿易有限公司,是
Panasonic,CS-LS9WKA / CU-LS9WKA,U1-C200042,2020,1,243,2.58,5.3898,R410A,不適用,—,—,—,信興電器貿易有限公司,是
Panasonic,CS-LE18WKA / CU-LE18WKA,U1-C200041,2020,1,531,5.27,5.0597,R410A,1,44,4.44,4.4519,信興電器貿易有限公司,是
Panasonic,CS-LE12WKA / CU-LE12WKA,U1-C200040,2020,1,306,3.17,5.3645,R410A,1,38,4.08,4.7571,信興電器貿易有限公司,是
Panasonic,CS-LE9WKA / CU-LE9WKA,U1-C200039,2020,1,244,2.63,5.3718,R410A,1,30,3.13,4.6337,信興電器貿易有限公司,是
三星,AR24TXHAAWKN,U1-C200033,2020,1,646,6.57,5.0909,R32,1,70,7.44,4.6099,三星,是
三星,AR18TXHAAWKN,U1-C200032,2020,1,476,5.23,5.3159,R32,1,57,6.01,4.5818,三星,是
三星,AR12TXHAAWKN,U1-C200031,2020,1,289,3.67,6.1148,R32,1,34,4.02,5.0487,三星,是
三星,AR09TXHAAWKN,U1-C200030,2020,1,187,2.58,6.7589,R32,1,27,3.21,5.1213,三星,是
三星,AR24TXEAAWKN,U1-C200029,2020,1,646,6.57,5.0909,R32,1,70,7.44,4.6099,三星,是
三星,AR18TXEAAWKN,U1-C200028,2020,1,476,5.23,5.3159,R32,1,57,6.01,4.5818,三星,是
三星,AR12TXEAAWKN,U1-C200027,2020,1,289,3.67,6.1148,R32,1,34,4.02,5.0487,三星,是
品牌,型號,參考編號,年份 (*),能源效益級別(製冷)(1 至 5),每年耗電量(製冷)(千瓦小時),製冷量(千瓦),製冷季節性表現系數 (CSPF),製冷劑,能源效益級別(供暖)(1 至 5),每年耗電量(供暖)(千瓦小時),供暖量(千瓦),供暖季節性表現系數 (HSPF),資料提供者,變頻
三星,AR09TXEAAWKN,U1-C200026,2020,1,187,2.58,6.7589,R32,1,27,3.21,5.1213,三星,是
東芝,RAS-24J2KCV-HK,U1-C200025,2020,1,688,7.00,5.2178,R410A,不適用,—,—,—,東芝香港有限公司,是
東芝,RAS-22J2KCV-HK,U1-C200024,2020,1,549,6.03,5.5207,R410A,不適用,—,—,—,東芝香港有限公司,是
東芝,RAS-18J2KCV-HK,U1-C200023,2020,1,558,5.06,4.7957,R410A,不適用,—,—,—,東芝香港有限公司,是
東芝,RAS-13J2KCV-HK,U1-C200022,2020,1,387,3.53,4.6967,R410A,不適用,—,—,—,東芝香港有限公司,是
東芝,RAS-10J2KCV-HK,U1-C200021,2020,1,288,2.72,4.7346,R410A,不適用,—,—,—,東芝香港有限公司,是
美的,MS-12HRF8A,U1-C200010,2020,1,296,3.60,6.0065,R32,1,30,3.62,5.2582,美的電器(香港)有限公司,是
美的,MS-09HRF8A,U1-C200009,2020,1,230,2.68,5.8086,R32,1,24,2.97,5.3774,美的電器(香港)有限公司,是
美的,MS-18CRF8A,U1-C200003,2020,1,510,5.13,5.2310,R32,不適用,—,—,—,美的電器(香港)有限公司,是
美的,MS-12CRF8A,U1-C200002,2020,1,321,3.61,5.5414,R32,不適用,—,—,—,美的電器(香港)有限公司,是
美的,MS-09CRF8A,U1-C200001,2020,1,244,2.63,5.4684,R32,不適用,—,—,—,美的電器(香港)有限公司,是
東芝,RAS-22J2KV-HK,U1-C190183,2019,1,616,6.51,5.3307,R410A,1,75,7.39,4.3731,開利(香港)有限公司,是
東芝,RAS-18J2KV-HK,U1-C190182,2019,1,470,4.95,5.3822,R410A,1,57,5.88,4.5862,開利(香港)有限公司,是
東芝,RAS-24J2KCV-HK,U1-C190181,2019,1,688,7.00,5.2178,R410A,不適用,—,—,—,開利(香港)有限公司,是
東芝,RAS-22J2KCV-HK,U1-C190180,2019,1,549,6.03,5.5207,R410A,不適用,—,—,—,開利(香港)有限公司,是
東芝,RAS-18J2KCV-HK,U1-C190179,2019,1,558,5.06,4.7957,R410A,不適用,—,—,—,開利(香港)有限公司,是
東芝,RAS-13J2KCV-HK,U1-C190178,2019,1,387,3.53,4.6967,R410A,不適用,—,—,—,開利(香港)有限公司,是
東芝,RAS-10J2KCV-HK,U1-C190177,2019,1,288,2.72,4.7346,R410A,不適用,—,—,—,開利(香港)有限公司,是
東芝,RAS-24J2KV-HK,U1-C190176,2019,1,688,7.00,5.2178,R410A,1,73,7.96,4.7298,東芝香港有限公司,是
東芝,RAS-22J2KV-HK,U1-C190175,2019,1,616,6.51,5.3307,R410A,1,75,7.39,4.3731,東芝香港有限公司,是
東芝,RAS-18J2KV-HK,U1-C190174,2019,1,470,4.95,5.3822,R410A,1,57,5.88,4.5862,東芝香港有限公司,是
東芝,RAS-13J2KV-HK,U1-C190173,2019,1,365,3.42,4.8478,R410A,1,41,4.03,4.3822,東芝香港有限公司,是
東芝,RAS-10J2KV-HK,U1-C190172,2019,1,279,2.47,4.5342,R410A,1,32,3.12,4.3572,東芝香港有限公司,是
格力,GISF224BXAE/GISF224BXAC,U1-C190162,2019,1,660,7.08,5.3893,R410A,1,73,7.37,4.3458,太平家庭電器,是
格力,GISF218BXAE/GISF218BXAC,U1-C190161,2019,1,536,5.25,5.0013,R410A,1,58,5.54,4.0112,太平家庭電器,是
格力,GISF212BXAE/GISF212BXAC,U1-C190160,2019,1,348,3.50,5.1143,R410A,1,38,3.69,4.0638,太平家庭電器,是
格力,GISF209BXAE/GISF209BXAC,U1-C190159,2019,1,260,2.70,5.1276,R410A,1,27,2.90,4.4590,太平家庭電器,是
格力,GICF224BXAE/GICF224BXAC,U1-C190158,2019,1,692,7.10,5.1389,R410A,不適用,—,—,—,太平家庭電器,是
格力,GICF218BXAE/GICF218BXAC,U1-C190157,2019,1,527,5.39,5.0891,R410A,不適用,—,—,—,太平家庭電器,是
格力,GICF212BXAE/GICF212BXAC,U1-C190156,2019,1,353,3.58,5.0407,R410A,不適用,—,—,—,太平家庭電器,是
格力,GICF209BXAE/GICF209BXAC,U1-C190155,2019,1,255,2.77,5.2325,R410A,不適用,—,—,—,太平家庭電器,是
格力,GSAF224XAE / GSAF224XAC,U1-C190154,2019,2,993,7.04,3.5797,R410A,不適用,—,—,—,太平家庭電器,否
格力,GSAF218XAE / GSAF218XAC,U1-C190153,2019,2,768,5.57,3.5555,R410A,不適用,—,—,—,太平家庭電器,否
格力,GSAF212XAE / GSAF212XAC,U1-C190152,2019,2,502,3.65,3.6060,R410A,不適用,—,—,—,太平家庭電器,否
格力,GSAF209XAE / GSAF209XAC,U1-C190151,2019,2,367,2.77,3.6761,R410A,不適用,—,—,—,太平家庭電器,否
冰點,FI-50HRA/FU-50HRA,U1-C190141,2019,1,455,4.99,5.5544,R410A,1,52,4.96,4.1850,冰點空調(香港)有限公司,是
大金,FTHM35RAV1N / RHM35RAV1N,U1-C190126,2019,1,346,3.46,5.1171,R32,1,32,3.60,4.7398,大金冷氣(香港)有限公司,是
大金,FTHM25RAV1N / RHM25RAV1N,U1-C190125,2019,1,189,2.61,6.6993,R32,1,22,2.55,4.8560,大金冷氣(香港)有限公司,是
奧瑪,GAC-S1825H,U1-C190122,2019,1,536,5.25,5.0013,R410A,1,58,5.54,4.0112,康富電器貿易有限公司,是
奧瑪,GAC-S1226SH,U1-C190121,2019,1,341,3.34,4.7408,R410A,1,31,3.42,4.5352,康富電器貿易有限公司,是
奧瑪,GAC-S926SH,U1-C190120,2019,1,271,2.66,4.8491,R410A,1,28,2.78,4.2360,康富電器貿易有限公司,是
快意寶,S1815H-PAC,U1-C190119,2019,1,536,5.25,5.0013,R410A,1,58,5.54,4.0112,康富電器貿易有限公司,是
快意寶,S1216H-PAC,U1-C190118,2019,1,341,3.34,4.7408,R410A,1,31,3.42,4.5352,康富電器貿易有限公司,是
快意寶,S0916H-PAC,U1-C190117,2019,1,271,2.66,4.8491,R410A,1,28,2.78,4.2360,康富電器貿易有限公司,是
三菱重工,SRK60ZSXH-S/SRC60ZSXH-S,U1-C190113,2019,1,552,5.97,5.5822,R410A,1,57,6.83,5.1790,三菱重工業(香港)有限公司冷熱事業部,是
三菱重工,SRK50ZSXH-S/SRC50ZSXH-S,U1-C190112,2019,1,419,5.07,6.0387,R410A,1,49,6.01,5.2774,三菱重工業(香港)有限公司冷熱事業部,是
三菱重工,SRK35ZSXH-S/SRC35ZSXH-S,U1-C190111,2019,1,240,3.63,7.3621,R410A,1,31,4.38,6.0030,三菱重工業(香港)有限公司冷熱事業部,是
三菱重工,SRK25ZSXH-S/SRC25ZSXH-S,U1-C190110,2019,1,161,2.56,7.8599,R410A,1,23,3.13,6.0565,三菱重工業(香港)有限公司冷熱事業部,是
卓爾,SAC-S18K15H,U1-C190109,2019,1,536,5.25,5.0013,R410A,1,58,5.54,4.0112,康富電器貿易有限公司,是
卓爾,SAC-S12K16SH,U1-C190108,2019,1,341,3.34,4.7408,R410A,1,31,3.42,4.5352,康富電器貿易有限公司,是
品牌,型號,參考編號,年份 (*),能源效益級別(製冷)(1 至 5),每年耗電量(製冷)(千瓦小時),製冷量(千瓦),製冷季節性表現系數 (CSPF),製冷劑,能源效益級別(供暖)(1 至 5),每年耗電量(供暖)(千瓦小時),供暖量(千瓦),供暖季節性表現系數 (HSPF),資料提供者,變頻
三菱重工,SRK50ZSH-S / SRC50ZSH-S,U1-C190103,2019,1,496,4.94,5.0915,R410A,1,51,5.74,4.8882,三菱重工業(香港)有限公司冷熱事業部,是
三菱重工,SRK35ZSH-S / SRC35ZSH-S,U1-C190102,2019,1,316,3.49,5.6028,R410A,1,33,4.01,5.1849,三菱重工業(香港)有限公司冷熱事業部,是
三菱重工,SRK25ZSH-S / SRC25ZSH-S,U1-C190101,2019,1,192,2.52,6.5676,R410A,1,26,3.18,5.2493,三菱重工業(香港)有限公司冷熱事業部,是
卓爾,SAC-S9K16SH,U1-C190088,2019,1,271,2.66,4.8491,R410A,1,28,2.78,4.2360,康富電器貿易有限公司,是
美的,MSABE-24HRFN1,U1-C190035,2019,1,743,7.06,4.7875,R410A,1,78,7.29,4.0516,美的電器(香港)有限公司,是
美的,MSABE-18HRFN1,U1-C190034,2019,1,466,4.94,5.4181,R410A,1,58,5.64,4.2572,美的電器(香港)有限公司,是
美的,MSABB-12HRFN1,U1-C190033,2019,1,330,3.58,5.3832,R410A,1,33,3.54,4.5814,美的電器(香港)有限公司,是
美的,MSABB-09HRFN1,U1-C190032,2019,1,235,2.59,5.6825,R410A,1,24,2.61,4.8466,美的電器(香港)有限公司,是
樂信牌,RS-PV24VK / RU-PV24VK,U1-C190022,2019,4,1134,6.58,2.9858,R410A,不適用,—,—,—,信興電工工程有限公司,否
樂信牌,RS-PV18VK / RU-PV18VK,U1-C190021,2019,4,878,4.95,2.9583,R410A,不適用,—,—,—,信興電工工程有限公司,否
樂信牌,RS-PV12VK / RU-PV12VK,U1-C190020,2019,4,538,3.25,3.0729,R410A,不適用,—,—,—,信興電工工程有限公司,否
樂信牌,RS-PV9VK / RU-PV9VK,U1-C190019,2019,4,448,2.63,2.9893,R410A,不適用,—,—,—,信興電工工程有限公司,否
三星,AR12NXPXBWKN,U1-C190007,2019,1,373,3.48,4.7384,R32,1,38,3.56,3.9510,三星,是
三星,AR09NXPXBWKN,U1-C190006,2019,1,244,2.49,5.1745,R32,1,35,3.26,3.9573,三星,是
三菱重工,SRK50ZS-S / SRC50ZS-S,U1-C180169,2018,1,496,4.94,5.0915,R410A,1,51,5.74,4.8882,三菱重工業(香港)有限公司冷熱事業部,是
三菱重工,SRK35ZS-S / SRC35ZS-S,U1-C180168,2018,1,316,3.49,5.6028,R410A,1,33,4.01,5.1849,三菱重工業(香港)有限公司冷熱事業部,是
三菱重工,SRK25ZS-S / SRC25ZS-S,U1-C180167,2018,1,192,2.52,6.5676,R410A,1,26,3.18,5.2493,三菱重工業(香港)有限公司冷熱事業部,是
日立牌,RAS-DX24CHK/RAC-DX24CHK,U1-C180116,2018,1,728,6.55,4.7186,R410A,1,73,6.80,4.0574,阿奇立克日立家電(香港)有限公司,是
三星,AR09NVWSBWKN,U1-C180108,2018,1,268,2.72,4.9758,R410A,不適用,—,—,—,三星,是
三星,AR12NVWSBWKN,U1-C180107,2018,1,333,3.26,4.9095,R410A,不適用,—,—,—,三星,是
三星,AR18NVWSBWKN,U1-C180106,2018,1,515,5.06,4.9113,R410A,不適用,—,—,—,三星,是
三星,AR24NVWSBWKN,U1-C180105,2018,1,644,6.07,4.7101,R410A,不適用,—,—,—,三星,是
三星,AR18NSPXBWKN,U1-C180104,2018,1,525,5.09,4.8152,R410A,1,64,6.14,4.0624,三星,是
珍寶,ASWX09LECA/AOWX09LETA,U1-C180102,2018,1,235,2.62,5.6976,R410a,1,27,3.30,5.1435,第一電業有限公司,是
珍寶,ASWX12LECA/AOWX12LETA,U1-C180101,2018,1,305,3.18,5.3024,R410a,1,32,3.70,4.9080,第一電業有限公司,是
Trane,4MYW4524HABAA,U1-C180100,2018,1,692,7.10,5.1389,R410A,不適用,—,—,—,Trane Hong Kong,是
Trane,4MYW4509HABAA,U1-C180099,2018,1,266,2.77,5.0234,R410A,不適用,—,—,—,Trane Hong Kong,是
Trane,4MYW4512HABAA,U1-C180098,2018,1,333,3.68,5.3386,R410A,不適用,—,—,—,Trane Hong Kong,是
Trane,4MYW4518HABAA,U1-C180097,2018,1,527,5.39,5.0891,R410A,不適用,—,—,—,Trane Hong Kong,是
東芝,RAS-B10N3KV2-E,U1-C180091,2018,1,227,2.46,5.5618,R410A,1,28,3.12,4.9591,開利(香港)有限公司,是
樂信牌,RS-YS24UK / RU-YS24UK,U1-C180090,2014,1,624,6.89,5.5070,R410A,不適用,—,—,—,信興電工工程有限公司,是
Panasonic,CS-YS24UKA1/CU-YS24UKA1,U1-C180089,2014,1,624,6.89,5.5070,R410A,不適用,—,—,—,信興電器貿易有限公司,是
Panasonic,CS-YS24UKA / CU-YS24UKA,U1-C180088,2014,1,624,6.89,5.5070,R410A,不適用,—,—,—,信興電器貿易有限公司,是
Panasonic,CS-PS24UKA / CU-PS24UKA,U1-C180087,2014,1,624,6.89,5.5070,R410A,不適用,—,—,—,信興電器貿易有限公司,是
日立牌,RAS-X24CCK / RAC-X24CCK,U1-C180072,2014,1,731,6.59,4.7001,R410A,不適用,—,—,—,阿奇立克日立家電(香港)有限公司,是
大松,S12H35N / S12H35U,U1-C180071,2014,1,358,3.26,4.5174,R410A,1,31,3.42,4.5352,宏俊有限公司,是
大松,S09H35N / S09H35U,U1-C180070,2014,1,291,2.62,4.5120,R410A,1,28,2.78,4.2360,宏俊有限公司,是
Panasonic,CS-YS18UKA1/CU-YS18UKA1,U1-C180064,2014,1,492,5.05,5.2571,R410A,不適用,—,—,—,信興電器貿易有限公司,是
Panasonic,CS-YS12UKA1/CU-YS12UKA1,U1-C180063,2014,1,336,3.42,5.1189,R410A,不適用,—,—,—,信興電器貿易有限公司,是
Panasonic,CS-YS9UKA1/CU-YS9UKA1,U1-C180062,2014,1,262,2.52,4.8184,R410A,不適用,—,—,—,信興電器貿易有限公司,是
Panasonic,CS-YE24UKA1/CU-YE24UKA1,U1-C180061,2014,1,641,6.88,5.3605,R410A,1,81,8.74,4.6068,信興電器貿易有限公司,是
Panasonic,CS-YE18UKA1/CU-YE18UKA1,U1-C180060,2014,1,426,5.04,5.9312,R410A,1,52,5.73,4.8673,信興電器貿易有限公司,是
Panasonic,CS-YE12UKA1/CU-YE12UKA1,U1-C180059,2014,1,301,3.45,5.8859,R410A,1,35,4.04,5.1192,信興電器貿易有限公司,是
Panasonic,CS-YE9UKA1/CU-YE9UKA1,U1-C180058,2014,1,232,2.60,5.4501,R410A,1,31,3.27,4.6149,信興電器貿易有限公司,是
Panasonic,CS-YS18UKA / CU-YS18UKA,U1-C180023,2014,1,492,5.05,5.2571,R410a,不適用,—,—,—,信興電器貿易有限公司,是
Panasonic,CS-YS12UKA / CU-YS12UKA,U1-C180022,2014,1,336,3.42,5.1189,R410a,不適用,—,—,—,信興電器貿易有限公司,是
Panasonic,CS-YS9UKA / CU-YS9UKA,U1-C180021,2014,1,262,2.52,4.8184,R410a,不適用,—,—,—,信興電器貿易有限公司,是
Panasonic,CS-PS18UKA / CU-PS18UKA,U1-C180014,2014,1,492,5.05,5.2571,R410a,不適用,—,—,—,信興電器貿易有限公司,是
Panasonic,CS-PS12UKA / CU-PS12UKA,U1-C180013,2014,1,336,3.42,5.1189,R410a,不適用,—,—,—,信興電器貿易有限公司,是
Panasonic,CS-PS9UKA / CU-PS9UKA,U1-C180012,2014,1,262,2.52,4.8184,R410a,不適用,—,—,—,信興電器貿易有限公司,是
品牌,型號,參考編號,年份 (*),能源效益級別(製冷)(1 至 5),每年耗電量(製冷)(千瓦小時),製冷量(千瓦),製冷季節性表現系數 (CSPF),製冷劑,能源效益級別(供暖)(1 至 5),每年耗電量(供暖)(千瓦小時),供暖量(千瓦),供暖季節性表現系數 (HSPF),資料提供者,變頻
樂信牌,RS-YS18UK / RU-YS18UK,U1-C180011,2014,1,492,5.05,5.2571,R410a,不適用,—,—,—,信興電工工程有限公司,是
樂信牌,RS-YS12UK / RU-YS12UK,U1-C180010,2014,1,336,3.42,5.1189,R410a,不適用,—,—,—,信興電工工程有限公司,是
樂信牌,RS-YS9UK / RU-YS9UK,U1-C180009,2014,1,262,2.52,4.8184,R410a,不適用,—,—,—,信興電工工程有限公司,是
樂信牌,RS-RE24UK / RU-RE24UK,U1-C180008,2014,1,641,6.88,5.3605,R410a,1,81,8.74,4.6068,信興電工工程有限公司,是
樂信牌,RS-RE18UK / RU-RE18UK,U1-C180007,2014,1,426,5.04,5.9312,R410a,1,52,5.73,4.8673,信興電工工程有限公司,是
樂信牌,RS-RE12UK / RU-RE12UK,U1-C180006,2014,1,301,3.45,5.8859,R410a,1,35,4.04,5.1192,信興電工工程有限公司,是
樂信牌,RS-RE9UK / RU-RE9UK,U1-C180005,2014,1,232,2.60,5.4501,R410a,1,31,3.27,4.6149,信興電工工程有限公司,是
珍寶,ASWX18LECA/AOWX18LETA,U1-C170314,2014,1,509,5.51,5.2601,R410a,1,45,5.23,5.0520,第一電業有限公司,是
珍寶,ASWX18JECA/AOWX18JETA,U1-C170313,2014,1,493,5.54,5.4365,R410a,不適用,—,—,—,第一電業有限公司,是
格力,GSA824AE / GSA824AC,U1-C170267,2014,2,993,7.04,3.5797,R410A,不適用,—,—,—,太平家庭電器,否
格力,GSA818AE / GSA818AC,U1-C170266,2014,2,768,5.57,3.5555,R410A,不適用,—,—,—,太平家庭電器,否
格力,GSA812AE / GSA812AC,U1-C170265,2014,2,502,3.65,3.6060,R410A,不適用,—,—,—,太平家庭電器,否
格力,GSA809AE / GSA809AC,U1-C170253,2014,2,367,2.77,3.6761,R410A,不適用,—,—,—,太平家庭電器,否
日立牌,RAS-DX18CSK/RAC-DX18CSK,U1-C170247,2014,1,577,5.09,4.6444,R410A,不適用,—,—,—,阿奇立克日立家電(香港)有限公司,是
日立牌,RAS-DX13CSK/RAC-DX13CSK,U1-C170246,2014,1,293,3.17,5.5284,R410A,不適用,—,—,—,阿奇立克日立家電(香港)有限公司,是
日立牌,RAS-DX10CSK/RAC-DX10CSK,U1-C170245,2014,1,251,2.50,5.0360,R410A,不適用,—,—,—,阿奇立克日立家電(香港)有限公司,是
約克,YDEK24 / YDDK24,U1-C170242,2014,1,679,7.20,5.2369,R410A,1,73,7.37,4.3458,江森自控香港有限公司,是
約克,YDEK18 / YDDK18,U1-C170241,2014,1,517,5.45,5.1859,R410A,1,58,5.54,4.0112,江森自控香港有限公司,是
約克,YDEK12 / YDDK12,U1-C170240,2014,1,350,3.55,5.0881,R410A,1,38,3.69,4.0638,江森自控香港有限公司,是
約克,YDEK09 / YDDK09,U1-C170239,2014,1,255,2.78,5.2397,R410A,1,29,2.89,4.1292,江森自控香港有限公司,是
約克,YDEC24 / YDDC24,U1-C170218,2014,2,993,7.04,3.5797,R410A,不適用,—,—,—,江森自控香港有限公司,否
約克,YDEC18 / YDDC18,U1-C170217,2014,2,768,5.57,3.5555,R410A,不適用,—,—,—,江森自控香港有限公司,否
約克,YDEC12 / YDDC12,U1-C170216,2014,2,502,3.65,3.6060,R410A,不適用,—,—,—,江森自控香港有限公司,否
約克,YDEC09 / YDDC09,U1-C170215,2014,2,367,2.77,3.6761,R410A,不適用,—,—,—,江森自控香港有限公司,否
東芝,RAS-22N3KCV(HK)1,U1-C170212,2014,1,575,6.06,5.2777,R410A,不適用,—,—,—,東芝香港有限公司,是
樂信牌,RS-V7RW-1 / RU-V7RW-1,U1-C170199,2014,4,359,2.05,2.9822,R410A,不適用,—,—,—,信興電工工程有限公司,否
珍寶,ASWX12JECA/AOWX12JETA,U1-C170198,2014,1,288,3.30,5.6090,R410A,不適用,—,—,—,第一電業有限公司,是
珍寶,ASWX09JECA/AOWX09JETA,U1-C170197,2014,1,248,2.63,5.3979,R410A,不適用,—,—,—,第一電業有限公司,是
小天鵝,SSAB-18CRU1,U1-C170179,2014,2,725,5.13,3.6778,R410A,不適用,—,—,—,美的電器(香港)有限公司,否
小天鵝,SSAB-12CRU1,U1-C170178,2014,2,490,3.46,3.6316,R410A,不適用,—,—,—,美的電器(香港)有限公司,否
小天鵝,SSAB-09CRU1,U1-C170177,2014,2,359,2.72,3.7192,R410A,不適用,—,—,—,美的電器(香港)有限公司,否
樂信牌,RS-LS12TK / RU-LS12TK,U1-C170163,2014,1,305,3.26,5.3017,R410A,不適用,—,—,—,信興電工工程有限公司,是
卓爾,SAC-S18K13V,U1-C170144,2014,1,527,5.39,5.0891,R410A,不適用,—,—,—,康富電器貿易有限公司,是
卓爾,SAC-S18K12,U1-C170143,2014,2,768,5.57,3.5555,R410A,不適用,—,—,—,康富電器貿易有限公司,否
卓爾,SAC-S12K13V,U1-C170142,2014,1,333,3.68,5.3386,R410A,不適用,—,—,—,康富電器貿易有限公司,是
卓爾,SAC-S9K13V,U1-C170141,2014,1,266,2.77,5.0234,R410A,不適用,—,—,—,康富電器貿易有限公司,是
快意寶,S1813V-PAC,U1-C170140,2014,1,527,5.39,5.0891,R410A,不適用,—,—,—,康富電器貿易有限公司,是
快意寶,S1812-PAC,U1-C170139,2014,2,768,5.57,3.5555,R410A,不適用,—,—,—,康富電器貿易有限公司,否
快意寶,S1213V-PAC,U1-C170138,2014,1,333,3.68,5.3386,R410A,不適用,—,—,—,康富電器貿易有限公司,是
快意寶,S0913V-PAC,U1-C170137,2014,1,266,2.77,5.0234,R410A,不適用,—,—,—,康富電器貿易有限公司,是
格力,GIM12AE / GIM12AC,U1-C170132,2014,1,358,3.26,4.5174,R410A,1,31,3.42,4.5352,太平家庭電器,是
格力,GIM09AE / GIM09AC,U1-C170131,2014,1,291,2.62,4.5120,R410A,1,28,2.78,4.2360,太平家庭電器,是
卓爾,SAC-S9K11S,U1-C170103,2014,3,398,2.51,3.1734,R410A,不適用,—,—,—,康富電器貿易有限公司,否
快意寶,S911-PACS,U1-C170102,2014,3,398,2.51,3.1734,R410A,不適用,—,—,—,康富電器貿易有限公司,否
美的,MSSAB-12CRDU1,U1-C170073,2014,1,336,3.34,4.8512,R410A,不適用,—,—,—,美的電器(香港)有限公司,是
美的,MSSAB-09CRDU1,U1-C170072,2014,1,257,2.64,5.1934,R410A,不適用,—,—,—,美的電器(香港)有限公司,是
美的,MSAB-18CRU1,U1-C170071,2014,2,725,5.13,3.6778,R410A,不適用,—,—,—,美的電器(香港)有限公司,否
美的,MSAB-09CRU1,U1-C170070,2014,2,359,2.72,3.7192,R410A,不適用,—,—,—,美的電器(香港)有限公司,否
美的,MSAB-12CRU1,U1-C170050,2014,2,490,3.46,3.6316,R410A,不適用,—,—,—,美的電器(香港)有限公司,否
三菱電機,MSY-GK18VA / MUY-GK18VA,U1-C160443,2014,1,426,5.47,6.0475,R410A,不適用,—,—,—,三菱電機,是
品牌,型號,參考編號,年份 (*),能源效益級別(製冷)(1 至 5),每年耗電量(製冷)(千瓦小時),製冷量(千瓦),製冷季節性表現系數 (CSPF),製冷劑,能源效益級別(供暖)(1 至 5),每年耗電量(供暖)(千瓦小時),供暖量(千瓦),供暖季節性表現系數 (HSPF),資料提供者,變頻
日立牌,RAS-DX18HDK/RAC-DX18HDK,U1-C160414,2014,1,581,5.39,4.6118,R410A,1,48,4.37,4.0408,阿奇立克日立家電(香港)有限公司,是
韓國現代,KW18A / KW18B,U1-C160403,2014,1,482,5.27,5.5370,R410A,1,53,5.41,4.3012,數碼港科技有限公司,是
韓國現代,KW12A / KW12B,U1-C160402,2014,1,361,3.60,4.9018,R410A,1,40,3.84,4.1801,數碼港科技有限公司,是
韓國現代,KW09A / KW09B,U1-C160401,2014,1,295,2.67,4.5203,R410A,1,30,2.59,3.8134,數碼港科技有限公司,是
樂信牌,RS-LE12SK / RU-LE12SK,U1-C160295,2014,1,326,3.29,4.9666,R410A,1,34,3.65,4.5575,信興電工工程有限公司,是
樂信牌,RS-LE9SK / RU-LE9SK,U1-C160294,2014,1,249,2.46,5.0706,R410A,1,31,3.29,4.5071,信興電工工程有限公司,是
日立牌,RAS-X10CCK / RAC-X10CCK,U1-C160225,2014,1,271,2.64,4.9419,R410A,不適用,—,—,—,阿奇立克日立家電(香港)有限公司,是
日立牌,RAS-X18CCK / RAC-X18CCK,U1-C160222,2014,1,527,5.32,5.0843,R410A,不適用,—,—,—,阿奇立克日立家電(香港)有限公司,是
日立牌,RAS-X13CCK / RAC-X13CCK,U1-C160221,2014,1,356,3.51,5.1159,R410A,不適用,—,—,—,阿奇立克日立家電(香港)有限公司,是
三菱重工,SRK71ZRH-S/SRC71ZRH-S,U1-C160161,2014,1,667,7.15,5.3805,R410A,1,71,8.27,4.8745,三菱重工業(香港)有限公司冷熱事業部,是
三菱重工,SRK63ZRH-S/SRC63ZRH-S,U1-C160160,2014,1,555,6.37,5.7342,R410A,1,58,7.33,5.3411,三菱重工業(香港)有限公司冷熱事業部,是
東芝,RAS-22N3KCV(HK)1,U1-C160115,2014,1,575,6.06,5.2777,R410A,不適用,—,—,—,開利(香港)有限公司,是
東芝,RAS-10N3KCV(HK)1,U1-C160114,2014,1,253,2.58,4.9985,R410A,不適用,—,—,—,開利(香港)有限公司,是
麥克維爾,M5WMY25LR/M5LCY25CR,U1-C160089,2014,1,626,6.21,5.0864,R410A,1,59,6.30,4.6696,麥克維爾,是
麥克維爾,M5WMY20LR/M5LCY18CR,U1-C160088,2014,1,593,5.53,4.7176,R410A,1,52,5.62,4.7237,麥克維爾,是
麥克維爾,M5WMY15LR/M5LCY15FR,U1-C160087,2014,1,359,3.25,4.7888,R410A,1,34,3.51,4.5353,麥克維爾,是
麥克維爾,M5WMY10LR/M5LCY10FR,U1-C160086,2014,1,265,2.54,4.8633,R410A,1,31,2.71,4.0124,麥克維爾,是
珍寶,ASWG24LFCB/AOWG24LFCB,U1-C150220,2014,1,692,7.47,5.1867,R410A,1,73,8.42,4.7521,第一電業有限公司,是
珍寶,ASWG24JFCB/AOWG24JFCB,U1-C150219,2014,1,699,7.45,5.1353,R410A,不適用,—,—,—,第一電業有限公司,是
珍寶,ASWG18LFCB/AOWG18LFCB,U1-C150218,2014,1,484,5.41,5.4361,R410A,1,56,6.72,4.8386,第一電業有限公司,是
三菱電機,MSY-GF24VA / MUY-GF24VA,U1-C150216,2014,1,571,6.77,5.8433,R410A,不適用,—,—,—,三菱電機,是
三菱電機,MSY-GJ13VA / MUY-GJ13VA,U1-C150214,2014,1,336,3.35,4.8154,R410A,不適用,—,—,—,三菱電機,是
三菱電機,MSY-GJ10VA / MUY-GJ10VA,U1-C150213,2014,1,276,2.73,4.7548,R410A,不適用,—,—,—,三菱電機,是
東芝,RAS-10N3KV-HK1,U1-C150208,2014,1,253,2.54,4.9884,R410A,1,30,3.11,4.6256,開利(香港)有限公司,是
東芝,RAS-18BKS-HK,U1-C150206,2014,2,722,5.26,3.5722,R410A,不適用,—,—,—,開利(香港)有限公司,否
東芝,RAS-13BKS-HK,U1-C150205,2014,2,501,3.59,3.6316,R410A,不適用,—,—,—,開利(香港)有限公司,否
東芝,RAS-10BKS-HK,U1-C150204,2014,2,375,2.72,3.6354,R410A,不適用,—,—,—,開利(香港)有限公司,否
富士電機,RSG12LMCB-A/ROG12LMCB-A,U1-C150192,2014,1,331,3.60,5.3509,R410A,1,36,4.40,5.0051,第一電業有限公司,是
富士電機,RSG09LMCB-A/ROG09LMCB-A,U1-C150190,2014,1,241,2.66,5.4482,R410A,1,23,3.07,5.4165,第一電業有限公司,是
富士電機,RSG09JMCB-A/ROG09JMCB-A,U1-C150189,2014,1,235,2.68,5.5941,R410A,不適用,—,—,—,第一電業有限公司,是
珍寶,ASWG12LMCB/AOWG12LMCB,U1-C150188,2014,1,331,3.60,5.3509,R410A,1,36,4.40,5.0051,第一電業有限公司,是
珍寶,ASWG12JMCB/AOWG12JMCB,U1-C150187,2014,1,327,3.58,5.4185,R410A,不適用,—,—,—,第一電業有限公司,是
珍寶,ASWG09LMCB/AOWG09LMCB,U1-C150186,2014,1,241,2.66,5.4482,R410A,1,23,3.07,5.4165,第一電業有限公司,是
珍寶,ASWG09JMCB/AOWG09JMCB,U1-C150185,2014,1,235,2.68,5.5941,R410A,不適用,—,—,—,第一電業有限公司,是
三菱電機,MSZ-GE71VA-E1,U1-C150183,2014,1,654,7.45,5.4869,R410A,1,74,7.96,4.7670,三菱電機,是
三菱電機,MSZ-GE60VA-E1,U1-C150182,2014,1,546,6.14,5.5525,R410A,1,62,6.77,4.7467,三菱電機,是
三菱電機,MSZ-GE50VA-E1,U1-C150181,2014,2,567,5.10,4.4550,R410A,1,56,5.73,4.4555,三菱電機,是
三菱電機,MSZ-GE42VA-E1,U1-C150180,2014,1,408,4.26,5.2049,R410A,1,53,5.49,4.4185,三菱電機,是
三菱電機,MSZ-GE35VA-E1,U1-C150179,2014,1,261,3.61,6.7705,R410A,1,36,3.96,4.8740,三菱電機,是
三菱電機,MSZ-GE25VA-E1,U1-C150178,2014,1,191,2.51,6.6083,R410A,1,27,3.18,5.1310,三菱電機,是
三菱電機,MSZ-YK18VA-H1,U1-C150158,2014,1,524,4.85,4.8228,R410A,1,58,6.15,4.5425,三菱電機,是
三菱電機,MSZ-YK12VA-H1,U1-C150157,2014,1,348,3.62,5.2257,R410A,1,42,4.57,4.6286,三菱電機,是
三菱電機,MSZ-YK09VA-H1,U1-C150156,2014,1,248,2.54,5.1960,R410A,1,32,3.54,4.5968,三菱電機,是
卓爾,SAC-S12K10S,U1-C150083,2014,3,513,3.22,3.1770,R410A,不適用,—,—,—,康富電器貿易有限公司,否
快意寶,S1210-PACS,U1-C150081,2014,3,513,3.22,3.1770,R410A,不適用,—,—,—,康富電器貿易有限公司,否
麥克維爾,M5WM25L/M5LC25C,U1-C150079,2014,3,961,5.82,3.1614,R410A,不適用,—,—,—,麥克維爾,否
麥克維爾,M5WM20L/M5LC20C,U1-C150078,2014,3,838,5.08,3.1673,R410A,不適用,—,—,—,麥克維爾,否
東芝,RAS-13N3KV-HK,U1-C150066,2014,1,381,3.46,4.6446,R410A,1,40,4.12,4.5873,開利(香港)有限公司,是
東芝,RAS-18N3KV-HK,U1-C150065,2014,1,449,5.01,5.6355,R410A,1,53,5.89,4.7351,開利(香港)有限公司,是
東芝,RAS-22N3KV-HK,U1-C150064,2014,1,585,6.01,5.1896,R410A,1,66,7.10,4.5986,開利(香港)有限公司,是
品牌,型號,參考編號,年份 (*),能源效益級別(製冷)(1 至 5),每年耗電量(製冷)(千瓦小時),製冷量(千瓦),製冷季節性表現系數 (CSPF),製冷劑,能源效益級別(供暖)(1 至 5),每年耗電量(供暖)(千瓦小時),供暖量(千瓦),供暖季節性表現系數 (HSPF),資料提供者,變頻
東芝,RAS-24N3KV-HK,U1-C150063,2014,1,707,6.95,5.0734,R410A,1,88,8.09,3.9870,開利(香港)有限公司,是
Panasonic,CS-V18RKA / CU-V18RKA,U1-C150008,2014,4,860,5.21,3.1441,R410A,不適用,—,—,—,信興電器貿易有限公司,否
樂信牌,RS-V18RW / RU-V18RW,U1-C140204,2014,5,925,4.99,2.7862,R410A,不適用,—,—,—,信興電工工程有限公司,否
樂信牌,RS-V12RW / RU-V12RW,U1-C140202,2014,5,639,3.53,2.7869,R410A,不適用,—,—,—,信興電工工程有限公司,否
樂信牌,RS-V9RW / RU-V9RW,U1-C140200,2014,4,466,2.59,2.8746,R410A,不適用,—,—,—,信興電工工程有限公司,否
樂信牌,RS-V7RW / RU-V7RW,U1-C140199,2014,5,398,2.12,2.7938,R410A,不適用,—,—,—,信興電工工程有限公司,否
日立牌,RAS-DX13HDK/RAC-DX13HDK,U1-C140182,2014,1,304,3.12,5.3222,R410A,1,38,4.02,4.8262,阿奇立克日立家電(香港)有限公司,是
日立牌,RAS-DX10HDK/RAC-DX10HDK,U1-C140178,2014,1,261,2.48,4.8369,R410A,1,30,3.07,4.5671,阿奇立克日立家電(香港)有限公司,是
東芝,RAS-18N3KCV(HK),U1-C140152,2014,1,458,4.99,5.5246,R410A,不適用,—,—,—,開利(香港)有限公司,是
日立牌,RAS-E13CAK / RAC-E13CAK,U1-C110031,2014,3,532,3.59,3.3277,R410A,不適用,—,—,—,阿奇立克日立家電(香港)有限公司,否
日立牌,RAS-E10CAK / RAC-E10CAK,U1-C110030,2014,3,370,2.70,3.4152,R410A,不適用,—,—,—,阿奇立克日立家電(香港)有限公司,否
日立牌,RAS-E24CAK/RAC-E24CAK,U1-C100317,2014,5,1198,6.50,2.7470,R410A,不適用,—,—,—,阿奇立克日立家電(香港)有限公司,否
日立牌,RAS-S18CAK/RAC-S18CAK,U1-C100291,2014,3,860,5.38,3.2366,R410A,不適用,—,—,—,阿奇立克日立家電(香港)有限公司,否
